cap-diameter,stem-height,stem-width,spore-print-color,gill-color,habitat,season,ring-type,cap-shape,stem-surface,jumbled_noise_0,jumbled_noise_1,class
,6.42,13.51,,,d,u,g,x,,x,c,p
6.99,7.68,18.76,,w,d,a,f,f,s,f,f,e
5.78,7.67,8.21,,r,d,u,f,c,,c,x,p
6.34,8.34,11.06,,,d,a,z,x,,x,b,p
,5.67,12.78,,n,d,,f,x,,s,s,e
,10.93,11.08,,w,,u,f,c,s,x,f,e
,7.8,8.31,,n,g,s,,x,,x,x,e
7.7,9.69,9.49,,n,,,,x,y,b,o,p
,7.94,9.6,,n,g,a,,x,,p,x,e
,5.99,17.72,,o,d,a,f,s,,o,x,e
46.61,6.72,34.72,,,d,u,f,,k,x,x,e
4.02,5.75,7.35,,,g,,f,x,g,b,b,p
4.74,7.11,9.51,,y,d,a,z,,,x,f,p
,5.56,9.99,,w,g,a,f,f,i,b,p,e
5.72,4.31,8.54,,g,d,u,f,f,s,,x,e
6.43,12.95,13.39,,w,d,u,f,x,,o,p,e
4.42,6.13,8.65,,w,l,w,f,x,,b,x,e
,6.23,16.39,,,d,,p,x,,f,,e
,5.1,14.4,,w,d,,f,x,y,s,s,p
,,6.7,,y,d,u,f,x,,x,f,e
3.04,,5.63,,e,d,,f,x,,x,p,p
17.24,,33.64,,n,d,w,f,s,,x,f,p
7.61,6.14,8.1,,,,,f,x,y,c,f,p
8.61,,11.48,,w,,a,f,f,i,x,c,e
,2.21,2.24,p,p,g,a,f,x,,f,x,p
3.93,6.37,7.57,,f,,a,f,s,,,s,p
2.33,4.27,5.67,,k,,,f,x,s,f,s,e
16.59,,18.51,,w,,u,p,f,y,x,x,e
15.03,16.71,,,w,d,,g,,y,x,f,p
0.99,5.39,2.72,,n,,u,f,b,,f,x,p
,,6.61,,f,,,f,x,,,x,p
,6.63,7.01,,k,d,a,f,,s,s,x,e
7.47,7.35,13.71,,w,d,a,f,x,,f,x,e
8.14,7.85,18.84,,,,a,f,x,s,f,p,e
1.68,6.21,2.7,,n,m,a,f,b,,x,o,p
8.16,23.36,11.53,,,,,e,,s,x,x,e
1.86,8.22,2.51,,n,,s,e,p,t,o,x,e
8.5,7.83,,,y,h,a,f,x,s,x,x,e
1.51,5.68,1.74,,,d,a,f,x,t,p,s,e
5.07,5.68,10.06,,w,,,g,x,,s,f,e
3.16,4.88,3.18,,,d,a,f,f,s,f,x,e
,5.77,4.02,,u,d,a,f,x,,x,f,e
9.01,8.19,19.25,,n,d,a,p,x,,x,s,p
6.26,5.21,13.62,,,w,a,l,f,,x,f,p
11.4,2.48,14.6,,,d,a,f,f,,f,f,e
14.0,9.33,23.06,,y,d,a,f,x,,b,b,e
4.3,0.0,,n,w,d,a,f,o,f,p,x,e
,10.72,7.42,,,,u,f,f,g,b,s,p
,,6.64,,f,,a,f,s,,x,f,e
,3.22,1.75,,g,d,w,f,b,,x,,e
,,12.22,,g,g,u,l,x,,x,,p
0.73,5.02,0.85,,p,h,u,f,,,b,f,e
5.55,,8.9,,w,d,a,f,x,,x,s,p
2.76,6.16,3.65,,p,l,,f,s,i,f,f,e
7.57,,8.25,,,d,u,f,x,,s,,p
,,6.07,k,n,d,a,f,,s,x,x,e
,7.92,7.33,k,r,,,z,b,,f,x,p
9.17,7.58,11.19,,,d,u,,x,i,x,f,e
6.12,7.71,7.54,,k,,,f,b,,f,s,p
9.06,7.03,35.75,,w,m,s,f,f,,,x,p
,,,,y,d,u,f,x,,x,p,e
4.93,4.58,8.46,,g,,a,f,,s,x,x,e
10.06,7.93,18.85,,y,d,u,p,x,,f,x,e
,6.29,10.16,,,d,a,f,f,,x,f,p
,,25.48,,g,d,,f,x,y,x,f,e
,3.86,1.42,,n,d,,f,o,,x,b,p
5.09,5.48,11.38,,n,d,u,f,x,,s,,e
,4.59,16.84,,w,d,u,f,f,,x,f,p
,4.89,7.06,,n,d,a,f,x,y,s,x,p
9.26,10.56,,,,d,,f,x,,c,,p
,7.6,17.54,,p,d,a,,x,i,x,f,p
1.51,,2.5,,k,g,u,,x,,f,x,p
3.26,5.47,8.2,,p,d,a,z,x,,c,f,p
,11.19,34.23,,w,d,u,f,x,,x,s,p
9.32,5.19,19.67,,b,,a,f,f,,x,f,e
1.18,,1.46,,g,d,a,f,p,,s,x,p
0.99,,1.03,,p,d,u,f,x,,,f,e
,4.91,6.4,,p,,a,z,x,,s,x,p
7.36,5.73,10.39,,w,m,u,f,f,i,x,x,e
2.62,6.44,3.25,,p,l,u,f,s,i,c,f,e
42.27,4.24,,,y,d,s,f,o,k,x,p,e
52.94,,32.65,,,d,s,f,o,k,x,,e
,7.57,14.04,,n,d,,f,x,,,,e
9.59,,22.48,,n,,a,f,x,,s,c,e
2.92,7.32,3.25,,k,d,a,f,b,,f,x,p
7.11,8.54,19.13,,,d,,f,,,,s,p
,,7.1,,f,,,f,s,,f,f,p
6.08,7.48,18.42,,u,d,a,f,x,,x,,p
3.2,5.11,4.23,,y,d,,f,f,s,x,x,p
3.54,4.43,5.57,,p,d,u,f,s,,,,e
3.97,4.84,7.93,,y,d,,f,s,,s,s,p
13.06,7.58,17.74,,,d,u,f,x,i,c,x,p
1.68,6.92,3.43,,n,g,a,f,b,,x,f,p
,,21.79,,b,d,a,f,f,,p,x,e
,7.96,14.07,,y,,u,,x,,p,x,e
2.79,3.95,3.49,,,m,,e,,k,p,x,p
3.5,,3.33,,n,d,w,,b,,,x,e
,,11.88,,o,d,a,,s,,x,c,p
1.25,1.59,2.31,,,h,,f,x,s,x,x,p
3.25,3.74,,,w,g,a,f,b,,s,f,e
,4.92,11.12,,n,d,a,f,x,,f,f,e
5.5,,10.92,,o,,a,f,f,,,x,e
1.52,6.04,1.98,,w,h,a,f,x,t,x,f,e
7.04,3.62,10.15,,p,,a,f,x,,s,o,e
23.08,,47.1,,y,d,w,,x,,s,x,p
,5.92,5.66,,,d,,f,s,,f,s,p
8.81,11.29,21.9,n,y,d,w,,x,,s,f,p
,,15.91,,n,,a,p,x,,f,o,e
,6.8,50.33,,y,d,a,f,x,,x,,p
,2.85,7.54,,w,g,u,f,s,,,x,p
7.8,8.17,18.84,,,d,a,f,x,,f,s,p
3.45,4.09,10.1,,y,d,a,f,x,,x,x,p
7.53,9.81,10.83,,w,d,a,f,f,i,x,s,e
,4.08,3.26,,w,,u,f,b,,f,s,e
,8.89,17.13,,y,d,u,f,x,,f,f,e
4.33,6.29,8.36,,o,d,w,f,f,t,s,x,p
5.88,5.64,8.12,,p,d,u,f,x,y,x,x,e
8.74,9.93,11.79,,w,,a,f,x,i,f,b,p
,4.88,9.5,,n,d,a,f,x,,f,b,e
,,13.0,,o,d,w,f,s,,c,f,e
,2.23,2.47,,n,d,a,f,x,s,s,s,p
,5.72,10.96,,n,d,u,f,x,,b,b,e
,,2.49,,n,g,,f,x,s,x,b,e
18.47,6.92,31.34,,n,d,a,f,x,,x,x,p
6.65,5.23,17.3,,f,d,u,f,s,,f,x,e
3.38,3.91,6.38,,o,m,a,f,x,,s,x,e
1.17,3.06,1.64,,g,d,a,f,b,,x,x,e
4.07,6.11,3.63,,w,g,,r,x,y,x,b,p
,8.82,16.61,,y,,a,f,,,f,,e
,6.46,7.52,,f,d,,f,,,f,x,e
6.8,8.36,17.91,,y,d,a,f,x,,s,,e
2.01,6.2,3.66,,p,,a,,f,i,x,s,e
5.59,,6.2,,n,,a,,f,i,x,x,p
4.05,5.15,6.07,,p,d,u,f,s,,f,,e
6.49,7.09,15.38,,y,d,u,f,x,,f,x,e
6.91,8.99,12.61,,n,d,a,f,f,i,o,x,e
,12.31,24.9,,,d,,f,x,y,o,x,e
4.29,0.0,0.0,n,w,,u,f,o,f,b,f,p
4.46,,11.95,,w,d,,f,,,x,p,p
,3.21,,,f,d,u,f,x,,,c,e
,5.83,2.28,,n,d,,f,b,,s,s,e
,6.72,11.97,,w,d,u,f,x,,x,,e
4.15,7.82,7.71,,w,g,s,,x,,x,s,p
,4.18,9.28,,y,,u,f,x,,f,f,e
14.3,6.74,45.1,,,d,w,f,f,,s,b,p
3.81,5.93,6.9,,n,d,a,f,f,s,s,x,e
1.52,4.87,2.35,,k,g,w,f,x,,x,x,e
,3.64,6.57,,w,,a,f,x,,x,,e
,,4.99,,n,,a,z,x,y,b,f,p
0.5,,0.75,,y,,a,f,x,,f,x,p
,3.32,1.37,,w,d,,f,,,f,x,p
,4.4,15.14,,w,,a,f,x,,,x,e
1.54,,1.66,,,,,f,x,t,x,s,e
4.1,,9.22,,o,d,a,f,x,,b,x,e
7.18,,28.99,,w,d,s,f,f,,o,x,e
9.4,5.59,16.66,,u,d,a,f,f,,s,x,e
,9.64,15.64,w,w,,w,,x,i,x,x,e
2.98,,6.56,,f,,a,f,s,,b,f,e
,3.85,6.59,,w,,w,f,x,,s,c,e
6.53,5.51,9.04,,p,d,u,f,,y,x,f,e
7.49,6.4,,,y,d,a,f,f,y,p,f,p
3.7,,3.78,,p,l,a,f,,,f,x,p
8.0,9.3,13.67,,y,d,a,f,f,i,x,f,e
4.84,0.0,0.0,n,w,d,u,f,o,f,x,c,p
,5.7,14.31,,y,d,a,,x,,c,x,e
7.38,3.28,8.86,,p,d,,,s,,s,x,e
13.26,9.71,23.37,,,d,u,f,x,,,x,e
,,13.65,,y,d,a,f,x,,x,f,e
6.57,5.33,,,g,d,u,f,,s,x,f,e
,6.2,7.52,,o,d,w,f,,t,b,x,e
,6.94,,,o,d,u,f,s,,f,x,e
,5.69,12.17,,o,d,u,f,s,,s,s,p
6.46,6.67,14.86,,w,d,u,f,f,,x,x,p
,6.05,4.83,,n,d,w,l,x,t,x,,e
,4.33,3.46,,w,,u,e,b,,f,f,p
,,17.17,,w,d,a,g,x,,p,b,p
1.07,3.93,5.78,,f,,a,f,,,b,,p
,7.35,35.46,,y,,,f,o,k,x,x,e
,7.7,3.25,,p,h,u,f,f,i,x,f,e
13.74,,,,,d,a,f,x,,,p,p
,12.18,38.37,,w,,u,f,x,,f,b,p
,,1.72,,,d,s,f,x,,s,,e
,5.22,6.59,,w,,a,f,x,,f,s,p
6.56,5.68,11.78,,,,a,f,x,,b,s,e
,7.77,13.75,,,d,a,,x,i,s,x,e
2.63,,2.91,,n,,u,f,b,,s,x,p
8.29,,15.33,,w,d,u,g,f,,x,f,p
,,13.62,w,w,,a,,f,i,c,s,e
9.32,,22.65,n,,,w,,x,,f,p,p
3.87,4.18,,,p,g,a,f,f,,x,f,p
,6.31,,,n,d,a,f,s,,x,x,e
,,8.73,,n,d,a,f,x,,s,f,e
3.6,5.1,5.88,,u,l,a,f,f,s,x,x,p
12.44,,15.42,,w,d,u,e,f,,f,x,p
,9.65,17.63,,w,g,a,,x,,s,p,e
2.88,6.32,,,p,h,u,f,f,i,f,x,e
3.25,3.99,,,p,g,a,f,x,,x,f,p
5.99,6.24,11.6,,w,d,,f,f,s,f,x,e
,8.94,,,p,d,a,p,p,y,x,x,e
,7.87,17.62,,b,d,a,f,s,,c,f,e
6.09,,13.55,,w,d,u,g,x,,p,x,e
8.85,8.58,15.18,,,,,p,p,y,c,x,p
12.17,10.6,15.62,,w,d,a,g,x,,s,f,e
6.07,,6.43,,n,d,,r,x,s,b,f,e
,5.69,20.85,,f,d,,f,,,,,e
,2.65,2.35,,g,g,a,f,b,,f,f,p
7.13,,12.39,,,m,,e,f,,x,b,e
,5.96,14.77,,w,d,u,f,x,,f,x,e
5.13,3.16,5.32,,n,d,u,f,f,k,s,,p
2.04,3.89,2.58,,w,g,u,f,x,,x,,p
,3.13,3.86,,g,d,u,f,b,s,p,f,p
4.09,5.01,3.36,,p,g,a,,b,i,x,x,p
17.09,6.92,23.38,w,y,d,,f,x,,b,x,e
,3.01,1.29,,g,d,u,f,b,,s,s,p
3.54,5.78,2.52,,k,,u,f,b,,x,f,e
0.71,3.61,2.26,,g,g,a,f,b,,x,f,p
8.45,6.94,16.94,,w,d,u,,x,,x,o,p
5.01,4.67,8.93,,,d,a,f,x,,x,,e
,9.48,16.5,,n,m,a,l,f,,f,c,e
,18.33,12.84,,p,u,a,e,f,s,f,x,p
5.9,10.19,12.11,,w,g,,z,p,s,f,x,p
5.61,3.93,12.1,,p,w,u,l,f,,s,c,e
5.4,5.15,13.45,,f,d,a,f,s,,x,,e
,3.46,1.55,,n,d,a,f,,,f,f,p
6.96,,15.62,,r,d,a,,x,y,x,x,p
,6.82,15.68,,n,d,u,p,x,,s,s,e
6.6,1.17,14.25,,o,d,a,f,o,,s,b,p
3.95,6.22,7.17,,o,d,w,f,x,t,s,x,e
6.08,6.98,10.53,,,l,w,f,f,s,x,x,e
6.89,5.76,,,w,d,u,f,f,s,x,f,e
,11.33,14.89,,w,,a,e,f,,s,s,p
,5.78,4.66,,,,u,f,b,s,x,x,p
,0.0,0.0,,f,d,w,f,o,f,f,,p
7.08,6.34,13.59,,,d,u,f,x,,x,x,e
3.81,,4.3,,g,d,a,f,b,,f,b,e
,,4.6,,e,d,,f,f,,f,o,p
10.23,5.29,22.42,,b,d,,,f,,s,x,p
,7.75,,,,d,u,f,x,i,x,x,e
,,13.86,,b,,a,f,f,,x,x,e
,9.92,23.14,,y,d,u,f,x,,x,b,e
20.07,7.04,,,y,d,,f,s,,f,b,e
9.08,5.81,13.04,,,d,u,f,x,,p,c,e
,8.13,14.97,,y,,u,,x,,f,x,e
6.56,5.94,6.3,,n,d,,r,x,y,f,f,e
9.05,,,,w,d,s,f,f,,x,f,e
9.53,7.5,12.5,,,g,a,f,x,s,x,,e
,4.96,6.37,u,,d,u,e,,y,x,f,e
3.34,,3.43,,w,h,a,r,x,y,x,o,p
,5.85,3.0,,k,d,s,f,b,,x,o,p
,7.19,13.21,,w,,a,f,p,,s,f,p
,4.21,1.48,,n,d,s,f,b,t,x,s,p
,5.49,5.16,,n,d,w,l,x,t,f,x,e
5.2,4.37,7.54,,w,,,f,s,s,x,s,e
,6.11,10.41,,w,m,u,f,f,,p,f,e
1.67,5.07,2.58,,g,g,u,f,x,,x,x,e
8.03,6.57,12.52,,,,a,f,x,s,s,x,e
8.85,4.81,25.49,,w,,,f,o,,c,x,e
3.18,3.96,3.45,,w,m,,,b,k,b,b,p
1.63,,2.61,,,g,u,f,x,t,,o,e
8.56,,33.01,,w,d,s,f,x,,b,x,e
9.3,6.09,23.28,,,d,,e,f,,p,s,e
,6.76,19.65,,w,,u,,f,s,x,x,e
,5.89,14.42,,,d,,f,x,,s,f,e
3.61,4.47,2.69,,,,u,f,x,h,x,x,p
5.62,5.06,10.13,,p,,a,,x,y,x,o,e
1.27,4.68,2.39,,,m,a,f,b,,,,p
5.97,7.95,9.6,,y,d,a,z,x,,x,p,p
21.05,9.0,34.45,,n,d,a,f,f,,f,x,p
5.3,10.66,13.61,,w,d,,g,x,,f,x,p
,12.4,26.1,,g,d,,f,x,y,f,f,e
,,5.76,,b,d,a,f,s,,x,s,p
,6.33,4.75,,e,,u,f,f,,,,p
,6.79,4.55,,u,,u,f,b,s,b,c,p
4.91,,0.0,n,w,d,,f,o,f,x,f,p
,,13.81,,b,m,w,f,x,,f,x,e
,,3.24,,p,l,,f,s,i,,b,e
,19.32,13.22,,k,d,u,e,,s,p,x,p
,5.12,,,n,,u,f,x,,x,x,e
,3.61,9.24,,w,d,a,f,x,,f,x,e
,4.26,6.2,,y,,a,f,f,,x,s,p
54.81,,25.02,,y,d,u,f,o,k,f,b,e
18.64,7.13,24.39,w,y,d,,,x,,x,,e
3.18,8.41,,,p,d,u,f,,,s,b,p
6.44,3.32,8.79,,p,g,u,f,s,,x,b,p
,10.66,24.81,,g,d,a,f,x,y,,f,e
,,11.48,,n,d,u,f,x,,f,f,e
8.35,8.21,10.58,,,d,s,f,,i,f,,e
3.68,,,,n,d,a,z,x,,,f,p
12.07,4.78,35.07,,y,d,a,f,x,,x,x,p
,10.59,23.19,,,d,a,f,x,,x,x,e
5.66,5.48,12.01,,o,,a,f,f,,f,b,e
3.0,5.84,2.17,,n,d,u,f,b,,x,f,e
4.94,,6.56,,y,,u,f,f,,f,s,e
,7.23,17.47,,w,,,f,x,,x,x,e
,8.47,25.39,,,d,,f,s,,x,o,e
5.88,,7.35,,g,,,f,f,,x,f,e
,4.74,2.49,,,d,w,f,f,,f,f,e
2.56,4.48,5.4,,r,m,a,f,b,t,x,s,p
1.48,4.84,2.45,k,n,,,f,x,s,f,b,e
5.26,6.86,13.3,,,d,a,,x,,f,x,e
10.09,7.26,,,y,d,a,f,x,i,,x,p
,5.6,12.68,,,d,,f,s,,o,x,p
11.86,,17.06,,g,m,a,l,p,,s,f,e
6.23,,12.75,,o,d,w,f,o,,p,b,p
12.32,8.14,18.0,,p,d,u,f,x,i,f,o,e
11.99,6.58,18.65,w,,d,u,f,f,,f,x,e
5.2,5.75,20.01,,f,d,s,f,c,,f,x,e
,,7.54,,w,h,a,f,s,s,x,b,e
2.98,4.15,4.77,,e,,,,x,,x,x,e
12.22,5.97,23.43,,,d,w,f,x,,f,,e
7.24,6.9,10.15,,,l,a,f,f,s,x,x,e
10.4,9.55,19.64,,,d,a,f,x,,x,o,p
,9.84,5.82,k,k,g,u,,b,,b,x,p
,,13.17,,n,h,a,f,x,,f,x,e
9.66,,14.0,,n,h,u,f,f,,x,x,p
,4.67,5.77,,n,d,a,,x,y,s,x,e
,,,,,d,a,f,f,,x,f,e
,5.24,9.44,,w,d,u,f,,i,f,x,e
3.74,2.55,4.79,,w,g,a,f,,,f,b,e
,5.22,,,g,d,,f,x,,f,x,e
12.9,,80.81,,w,,a,f,x,,,x,e
6.49,,11.71,,y,d,u,f,x,,b,f,e
,20.16,12.34,,,d,w,e,f,,,x,e
8.56,6.92,29.52,,w,m,s,f,x,,,,e
,6.77,20.02,,g,g,w,f,f,,x,x,e
5.29,6.81,7.41,,y,g,a,f,x,,f,f,p
,5.93,13.32,,w,d,u,g,x,,x,p,e
,,13.06,,w,d,,e,b,y,x,x,p
3.76,4.91,25.41,,f,,,,o,g,s,c,p
21.35,19.99,84.12,,,d,u,f,x,,x,f,e
,3.56,1.65,,g,d,s,f,b,,f,s,e
,2.63,11.37,,,d,a,,x,,x,f,p
,5.95,2.89,,n,m,s,f,b,,f,c,p
,4.45,12.06,,k,m,u,e,,,f,,e
6.18,7.34,5.77,,,d,a,l,x,t,f,x,e
5.94,4.98,15.57,,w,,a,f,x,y,f,x,e
6.87,7.07,14.2,,y,d,,f,x,,f,x,e
3.75,4.58,6.77,,o,,w,f,x,,x,s,e
,5.96,2.05,,w,g,u,f,,t,b,x,e
7.65,5.93,17.05,,w,,u,,x,,f,f,e
,5.94,17.4,,o,d,a,f,s,,x,x,e
7.11,4.0,15.22,,w,d,,f,f,,s,o,e
11.45,5.91,18.65,,,d,u,f,s,,s,p,e
7.07,4.73,12.86,,,w,u,r,x,,f,f,e
,4.55,7.1,,w,,a,f,f,,x,f,p
5.15,5.88,15.27,,f,d,,f,x,,x,x,e
6.19,5.11,9.76,,y,l,a,f,f,,b,x,p
7.89,11.0,16.75,,w,d,a,g,f,,x,b,p
,12.25,69.67,,,d,a,f,,,s,f,e
3.64,7.16,,,k,d,u,f,b,,x,x,e
8.6,16.05,,,p,d,a,f,b,,f,f,p
0.84,2.86,2.28,,g,m,a,f,b,,s,x,p
3.92,5.37,5.31,,u,l,a,f,s,s,c,x,e
7.74,8.07,8.17,,k,g,u,z,x,,,x,p
,11.61,12.71,,,d,a,f,c,s,x,p,e
3.77,,5.71,n,e,d,,f,x,,f,c,p
,7.79,26.64,,,,s,f,f,,s,s,e
3.02,,2.52,,n,g,a,f,b,,x,f,p
3.08,6.15,7.1,,n,d,a,f,,s,f,x,e
0.67,,0.97,,w,d,,f,f,,x,x,e
15.66,6.06,38.51,,,d,,f,s,k,x,c,p
48.76,6.42,42.49,,y,d,,f,o,,p,x,e
7.66,3.57,9.19,,p,d,a,f,x,,x,p,e
4.17,4.92,3.6,,n,m,u,e,b,k,p,p,p
8.78,10.45,34.35,,w,d,a,f,x,,,x,e
,7.29,4.26,,,d,a,f,f,,f,b,e
,4.25,2.57,,p,,u,f,s,h,f,x,p
,4.5,5.4,,,d,u,f,s,s,,f,p
,5.01,11.17,,,g,a,f,x,s,,f,e
9.13,9.24,19.27,,u,d,a,f,x,,x,x,p
1.59,4.77,1.42,,n,d,w,f,o,,x,p,p
,,17.11,,w,d,,f,,s,x,f,e
9.38,9.31,24.81,,,d,u,f,f,s,f,x,e
,3.79,2.52,,w,g,,f,s,h,x,x,p
,1.4,13.55,,y,d,a,f,o,,x,p,p
,,15.02,,w,d,a,,,,f,f,e
7.52,4.73,10.51,,,d,w,f,f,,x,x,p
9.88,7.4,20.96,,g,d,,f,f,,c,x,p
,10.81,15.5,,w,,a,g,x,,s,p,p
7.71,7.0,13.03,,w,d,u,f,x,,s,f,e
,3.52,0.85,,p,d,,f,x,h,x,b,p
,12.34,,,w,d,a,f,x,s,f,o,e
10.6,9.2,14.5,,,,a,g,f,,x,x,p
11.84,5.85,26.1,,y,d,a,f,s,,x,f,p
,4.91,24.7,,f,p,a,f,o,g,p,s,p
,5.68,,,g,d,s,f,f,s,x,,e
,1.39,14.62,,y,d,a,f,o,,o,x,p
3.32,4.1,6.7,,e,m,a,f,,,x,x,e
6.14,6.02,12.59,,w,,u,g,x,,c,f,e
7.59,10.65,24.01,,g,d,a,f,x,y,f,,e
3.84,4.43,3.35,,,,a,f,b,,f,f,e
4.21,,6.59,,,d,w,f,x,t,x,b,e
3.15,8.49,3.82,,p,,a,f,s,i,x,x,e
0.75,3.49,0.71,,y,d,a,f,x,,x,s,p
3.16,4.05,5.08,,e,d,a,f,x,,,x,p
7.87,5.88,14.11,,,d,a,,f,,x,,e
12.62,,14.16,,,,,g,x,,x,f,p
,,6.45,,n,d,a,f,x,s,f,o,e
3.71,4.56,6.69,,p,d,u,f,f,,x,x,e
,,11.3,,n,d,a,f,x,,c,b,e
,6.01,,,r,d,,f,x,,x,b,e
,5.4,10.02,,g,d,u,f,b,s,x,o,e
,,5.37,,y,d,w,f,f,,x,x,e
9.7,11.25,22.59,,u,d,a,f,x,,s,f,p
,,1.4,,w,l,,f,x,,x,o,p
,5.49,12.98,,o,,u,f,s,,b,b,e
,4.44,,,g,,a,f,s,t,x,b,p
9.62,,,,y,d,a,f,x,,x,s,p
,1.39,14.62,,y,,a,f,o,,x,x,p
,8.02,18.14,,,d,a,p,x,,f,x,e
,3.86,5.24,n,e,d,a,f,x,,x,,p
7.07,5.95,12.37,,y,,a,f,x,,x,x,e
8.05,,22.86,,,,a,f,s,,p,f,e
3.61,,2.89,p,p,,,f,x,,s,b,p
,8.77,3.28,,y,g,a,f,c,,x,f,p
,6.42,30.5,,,,w,f,s,,x,c,e
15.15,5.76,,,y,d,,f,f,,,x,p
,,1.61,,g,l,,f,c,,s,,p
5.45,4.85,7.71,,w,h,,f,s,s,p,x,e
3.41,4.01,4.37,n,,d,,f,x,,f,f,e
,2.57,,,r,d,a,f,x,,f,f,p
,,18.62,,g,g,a,f,,,x,x,e
,1.75,2.28,,n,h,u,f,x,s,f,x,p
7.65,7.6,30.04,,w,d,s,f,x,,x,s,p
12.48,8.45,21.84,,w,d,a,f,x,,,f,e
3.16,,29.4,g,f,l,a,f,s,,,p,e
0.86,2.76,1.41,,,,w,f,p,,x,x,e
3.02,,2.5,,k,d,u,f,b,,f,x,e
3.54,,7.0,,r,,u,f,x,,x,x,e
,6.85,17.72,,f,d,u,f,x,,s,x,e
12.42,,21.47,,n,g,a,f,f,,b,f,p
,10.1,,,w,d,,g,f,,o,f,p
,5.17,24.87,,w,,,f,s,,x,f,e
,,,,,d,a,f,b,,x,f,p
3.08,8.03,6.25,,,g,w,,b,,s,x,p
3.59,0.0,0.0,,f,d,,f,o,f,b,f,p
,3.32,9.06,,,g,u,,x,,x,,e
,,9.77,,,d,u,f,x,y,s,b,e
3.05,3.24,13.84,,f,d,u,f,o,,f,f,p
2.8,2.82,5.56,,,h,a,f,x,,x,f,p
,,4.83,,n,,,l,x,t,s,f,e
12.02,2.54,15.56,,w,d,a,f,f,,x,x,e
12.12,9.61,18.0,,w,d,w,,x,,f,f,e
8.35,,14.92,,y,d,u,,x,,f,f,e
,6.27,32.21,,w,,w,f,x,,f,x,p
5.28,,6.42,,,,u,f,s,,o,x,p
5.88,6.41,12.37,,w,d,a,g,x,,f,x,e
,8.2,16.46,,y,d,,f,x,,x,s,e
2.48,3.07,5.26,,y,m,a,f,,,x,f,p
3.19,3.68,5.85,,,,u,f,f,,p,o,e
2.69,4.27,2.69,,w,,a,f,x,h,x,x,p
,3.88,6.74,,w,g,,f,x,,x,p,e
,,8.23,,w,g,a,f,s,,x,x,e
,3.92,5.83,,p,d,,f,s,,x,s,e
8.35,4.79,15.31,,w,d,,f,f,,b,x,e
,18.06,18.97,,k,d,a,f,b,,x,f,p
,5.56,1.03,,w,h,a,,f,,f,,e
11.78,9.46,22.92,,y,d,a,f,x,,f,f,e
10.48,,23.55,,f,,s,f,o,,,,p
,,9.52,,y,,u,,x,y,x,x,p
3.98,6.12,6.79,k,,d,u,f,x,s,f,s,e
9.48,6.28,13.76,,n,g,a,e,,,o,f,e
,15.11,6.7,,,d,a,f,x,g,,x,p
,5.09,17.89,,o,,a,f,s,,f,x,e
3.27,,,,w,h,a,r,x,y,s,p,p
19.14,15.68,34.24,,w,d,u,f,p,y,b,x,e
2.73,4.11,3.49,,n,p,a,f,c,i,x,f,e
,,11.39,,n,m,a,e,,,x,x,e
,9.52,9.72,,k,d,s,z,b,,,f,p
7.1,8.09,15.12,,p,d,a,,s,,x,x,p
,6.19,6.46,,n,d,a,r,x,s,x,x,e
10.8,,36.4,,w,d,a,f,x,,p,f,p
4.04,0.0,0.0,,f,d,s,f,o,f,x,p,p
2.87,2.73,7.92,,w,g,u,f,f,,x,x,p
,3.02,7.24,,w,,u,f,s,,f,x,p
,4.82,2.5,k,k,,u,f,x,s,x,x,e
14.36,10.59,18.16,,,g,a,,x,,x,s,e
5.62,4.75,7.39,,w,l,,f,s,s,x,x,e
5.63,7.61,8.03,,g,,a,f,b,,,f,p
,5.79,6.85,,g,g,u,f,b,,x,c,p
7.34,11.7,25.21,,g,d,u,f,x,y,p,x,e
8.88,6.86,13.38,,y,d,u,f,f,,x,b,p
,5.6,13.21,,r,d,u,f,x,,o,f,p
,5.45,8.67,,w,d,a,f,s,s,x,x,e
4.61,7.63,8.33,,,d,a,,x,,f,s,e
2.97,,,k,r,d,w,z,x,,s,s,p
0.97,,1.47,,g,,s,f,,,b,,e
,,17.45,,y,d,u,f,,,c,x,e
19.04,30.86,22.87,,,,,m,f,,x,s,e
8.01,6.14,23.05,,,d,,e,x,,o,,e
6.04,6.01,8.32,,w,,a,f,f,s,s,x,e
,,26.99,,w,d,,e,x,,x,f,e
5.71,7.09,9.23,,w,l,w,f,f,s,s,f,p
1.45,,1.33,,,d,s,f,b,t,c,x,p
4.18,6.53,6.55,,f,d,a,f,s,,b,,e
6.6,7.55,13.73,,y,,,,x,,s,p,e
,5.93,,,w,d,u,g,x,,x,s,e
,4.04,12.8,,,d,u,f,x,,x,x,e
4.05,5.4,11.96,,n,d,u,f,x,,f,f,e
14.17,15.77,15.98,,,d,w,p,f,y,x,x,e
7.29,6.33,14.05,,y,,u,f,x,,f,p,e
8.75,4.98,12.74,,o,,,f,s,,x,x,p
,,14.37,,y,d,u,,,,x,f,e
,,87.75,,y,d,a,f,p,,f,,e
7.36,6.32,10.52,,w,,a,f,f,i,x,x,e
7.64,6.84,16.61,,w,,a,f,x,,x,p,e
7.74,5.31,13.24,,n,m,a,e,f,,x,x,e
1.51,,1.99,,w,g,u,f,x,t,,o,e
1.55,2.3,2.51,,n,d,u,f,x,s,x,s,p
10.79,7.6,20.8,,b,l,a,f,s,,,x,e
,11.26,25.74,,g,d,u,f,x,y,o,x,e
,5.79,9.02,,w,m,u,f,f,i,x,x,e
,7.83,18.21,,y,d,,f,,i,f,f,p
4.03,5.32,12.41,,,d,s,f,c,,b,x,p
43.7,5.46,26.63,,y,,,f,o,k,x,,e
10.03,,17.81,,w,d,,g,x,,,p,e
,13.88,12.42,,w,d,u,,,s,f,x,p
3.74,,8.92,,f,d,a,f,s,,b,x,e
6.34,,12.56,,,m,u,e,x,,x,x,e
,4.95,3.78,,,d,u,f,x,,x,x,p
,4.29,,k,k,d,u,f,f,s,p,x,e
,7.66,8.21,k,n,g,u,z,x,i,f,b,p
,6.61,8.48,,r,d,u,f,c,,f,x,p
4.75,0.0,0.0,,f,d,,f,o,f,x,o,p
,,,,f,d,u,f,,,f,b,e
,,7.79,,r,,u,f,x,,x,x,e
,,2.68,,k,g,,f,b,,f,f,e
9.77,17.68,13.17,,w,g,,e,,s,f,x,e
,7.93,,,w,,a,f,x,,x,f,e
5.05,5.28,13.29,,y,,u,f,x,,b,x,e
2.41,8.32,3.23,,n,g,u,f,f,,x,s,p
,,1.86,,g,d,u,f,c,,c,f,e
,8.69,71.98,,,d,,f,,,s,,p
,3.98,9.81,,,,u,f,x,,c,f,e
3.5,5.68,5.98,,o,,w,f,f,t,s,f,e
1.31,2.29,2.52,,n,d,,f,,s,s,f,p
6.0,6.79,9.61,,w,h,u,f,s,s,x,s,e
10.77,11.13,15.34,,w,d,u,p,f,,x,b,e
,,4.35,,y,d,w,f,x,s,x,p,p
12.17,8.05,16.49,,g,m,,l,,,f,x,p
8.11,12.87,11.9,,w,,,l,b,y,s,f,p
8.6,9.7,28.63,,w,d,u,f,x,,x,s,e
53.09,,20.59,,y,,u,f,o,k,f,,p
,6.84,15.78,,,d,a,f,x,,b,f,p
4.8,7.21,12.89,,y,g,,f,c,,,b,p
,9.35,23.26,,y,d,,,x,,x,c,p
3.08,3.26,9.7,,w,g,,f,f,,s,f,p
8.21,7.48,,,y,d,u,f,s,,s,x,p
5.22,5.1,12.22,,b,d,a,f,f,,f,o,p
2.78,6.62,5.4,,w,d,w,,x,,s,s,e
7.86,,17.86,,f,d,u,f,f,,c,x,e
,4.8,10.88,,,g,a,f,x,s,b,,e
3.67,7.6,6.84,,n,d,a,,x,,x,x,e
,,12.61,,w,d,a,g,x,,b,s,e
5.46,3.54,,,o,,,f,s,,x,x,p
,3.2,0.65,,y,,u,f,x,,s,x,p
10.23,5.27,16.34,,o,d,a,f,s,,x,x,e
19.57,8.03,25.43,,y,,w,f,f,,b,x,e
,13.87,78.96,,,d,a,f,p,,f,c,e
,,17.79,,w,,,f,x,,,x,p
,6.73,7.3,,n,d,a,f,x,s,s,f,e
,5.61,11.34,,n,,u,f,x,,x,o,e
8.41,10.18,13.69,,,d,a,f,f,i,s,,e
9.15,,13.05,,w,h,a,f,x,i,x,x,p
8.22,5.54,23.47,,w,,s,f,f,,x,,p
4.03,6.03,3.69,,g,d,u,f,f,s,x,f,e
,10.86,,,,d,,e,x,,x,f,p
3.08,3.64,3.17,,w,m,a,e,f,k,p,f,p
,7.86,6.2,,w,,w,f,f,s,b,x,p
,3.12,11.89,,g,d,a,f,x,,x,f,p
,5.02,2.49,,,g,,f,f,,x,f,e
2.45,,3.4,,w,d,,f,c,i,x,x,p
7.18,,11.75,,b,m,,f,x,,x,b,e
,7.31,,,w,,a,f,,s,x,o,p
3.32,,33.33,,,l,w,f,o,,s,f,e
,2.4,,,f,,a,,s,,x,f,p
11.89,7.41,24.41,,w,l,a,f,s,,f,,e
,,0.71,,y,d,a,f,x,,s,x,e
,3.07,7.49,,w,g,u,f,x,,x,x,p
12.09,11.15,15.99,,w,d,a,g,f,,x,s,e
,0.0,0.0,,,d,a,f,o,f,f,x,p
9.34,8.53,16.52,,p,,,p,,y,b,f,e
,,10.06,,n,d,u,f,f,,b,o,p
15.6,18.06,,,w,d,,,f,y,x,x,p
,3.12,5.76,,,d,u,f,f,k,o,x,p
7.0,5.85,16.02,,,,w,f,s,,b,f,p
13.02,7.25,23.71,,w,l,a,f,x,,x,s,e
8.91,,16.25,,g,g,u,l,x,,f,x,p
6.07,4.86,9.73,,g,d,a,f,b,s,x,s,e
,2.85,7.26,,w,g,u,,x,,x,f,p
6.25,,7.89,,w,h,a,f,s,,,x,e
8.06,7.96,13.06,,w,g,,f,p,,x,f,e
5.94,5.66,10.56,,w,l,w,f,x,,x,x,p
,,3.65,,n,d,a,f,x,,,f,e
10.49,5.24,,,,d,,f,s,k,b,x,p
6.97,5.26,13.74,,r,d,a,f,x,y,f,f,p
,3.48,7.99,,p,g,a,f,s,,s,f,p
6.34,5.98,13.51,,y,d,,f,x,i,p,b,p
,6.4,42.25,,,d,,f,o,k,b,f,e
,6.06,9.81,,,d,u,f,x,i,x,f,e
1.95,2.58,2.17,p,w,,,f,f,,s,c,e
,3.07,5.4,,o,h,,f,x,,o,x,p
9.92,8.73,17.87,,,d,a,p,,y,x,b,e
11.77,7.01,17.51,,o,d,a,f,s,,x,x,e
6.97,8.34,,,k,g,u,z,x,i,x,b,p
7.41,6.73,13.74,,,d,u,f,p,,f,x,e
,,12.6,,p,d,s,e,f,s,b,x,e
2.4,,3.72,,p,l,,f,,,x,x,p
,,14.69,,y,,u,,x,,o,f,e
,8.95,6.53,k,,,w,,b,,s,x,p
,5.3,10.1,,g,d,,f,b,s,x,s,e
8.42,6.73,18.07,,,d,a,f,f,,x,f,e
3.64,,3.43,,w,d,a,r,x,y,x,x,p
,6.31,17.43,,b,l,w,f,f,,f,f,e
,6.23,25.25,,p,d,u,f,,,b,f,e
8.67,8.79,15.63,w,w,d,,,x,i,c,f,e
,4.54,4.66,,e,d,a,f,x,,x,o,p
,,11.07,,n,d,u,f,x,,s,x,e
4.65,6.19,9.8,,n,d,a,z,x,,f,x,p
51.88,7.0,37.62,,y,d,,f,o,k,x,o,e
,7.43,,,y,d,w,f,f,s,f,s,p
4.91,0.0,0.0,n,w,d,,f,o,f,s,f,p
2.84,4.42,6.26,,e,g,a,f,,,x,,e
8.53,6.77,11.9,,y,,,f,x,s,s,f,e
4.39,4.2,4.84,,w,d,a,f,s,,f,b,p
6.52,5.34,34.53,g,f,d,u,f,o,,x,f,e
1.08,3.07,1.61,,,,u,,,,f,s,p
5.72,7.63,8.93,,g,d,a,z,x,,s,x,p
4.33,,7.35,,,g,a,f,x,g,,f,p
,5.74,10.16,,p,,u,f,x,y,x,x,e
,3.47,,,f,d,a,f,,g,x,f,p
,2.96,5.53,,,d,a,f,s,,b,x,p
,5.93,,,b,,u,f,s,,s,x,p
5.27,3.89,8.48,,p,,u,f,x,y,s,x,e
2.3,,3.28,,,d,s,,b,,b,x,p
5.52,,8.67,,,d,u,f,s,,f,x,p
4.59,,9.44,,w,g,a,,x,,x,p,e
12.47,,25.09,n,o,d,u,r,x,,s,f,p
,7.13,2.6,,n,g,u,f,f,,f,p,p
5.08,4.67,,,,d,u,,x,,o,b,p
,7.95,16.52,,w,d,,p,x,y,x,x,p
3.13,4.16,8.9,,n,d,,f,x,,,x,e
18.95,22.98,18.71,,w,m,,m,p,,f,f,p
13.86,2.65,17.27,,,d,w,f,f,,b,x,e
,3.53,9.75,,,g,,f,s,,x,f,e
4.04,9.54,7.78,r,k,d,,z,x,,b,,p
,9.75,19.31,,,,a,f,x,,x,x,p
4.48,5.65,7.71,,r,d,u,f,x,,s,b,e
4.25,4.35,7.53,,w,m,,f,f,,s,p,e
,,10.62,,e,d,a,f,x,,x,x,e
2.62,3.58,2.54,p,p,g,a,f,x,,b,x,p
8.23,6.0,8.31,,n,d,a,f,x,y,x,x,p
6.85,6.58,13.87,,,d,u,g,x,,x,o,e
,5.05,1.69,,g,d,,f,c,,f,f,p
6.32,,18.8,,f,d,,f,p,,f,b,e
4.75,5.46,20.42,,f,d,s,f,o,,c,c,e
5.01,5.65,11.72,,w,,a,g,x,,s,b,e
7.61,7.1,13.11,,y,g,a,f,x,s,o,s,e
7.47,7.82,17.05,,y,d,a,f,f,y,s,,e
10.09,10.05,30.33,,w,d,a,f,x,,,s,p
,9.71,13.83,,n,d,a,f,f,t,f,f,e
4.27,5.34,11.2,,,d,,f,,,x,,p
13.26,10.84,16.54,,w,d,,e,x,,b,x,e
14.66,5.49,39.53,,y,,w,,,,x,x,p
,7.22,9.24,,y,d,,z,x,,x,f,p
,6.74,26.27,,,d,a,f,s,,x,f,e
5.77,4.98,13.31,,,d,a,f,,i,s,x,p
10.83,6.47,23.8,,w,d,a,e,x,,b,f,e
10.05,8.57,16.57,,p,d,a,l,x,y,s,f,p
10.67,7.65,9.67,,p,d,s,f,x,i,f,x,e
1.52,4.67,2.43,,k,g,s,f,x,,s,x,e
17.17,7.07,23.55,,k,d,u,f,x,,f,f,e
9.65,11.25,,,w,d,a,g,x,,s,f,p
4.56,,11.79,,n,w,a,l,f,,x,x,e
3.71,5.99,7.59,,o,d,a,f,x,t,b,x,p
,5.53,,,r,d,u,,x,,s,x,e
0.85,2.77,1.38,,g,d,a,f,b,,f,f,p
6.67,13.56,6.75,,w,,a,f,f,g,x,x,p
2.77,4.5,9.73,,n,d,a,,x,,s,f,e
2.99,,6.52,,w,,,f,s,,f,f,p
3.81,5.93,3.49,,n,d,u,f,,,f,,e
3.08,3.1,5.84,,w,m,w,f,f,,o,s,e
,15.69,15.73,,w,d,,p,x,y,,b,p
,,10.21,,o,d,u,f,x,,s,,e
4.9,7.12,7.97,,r,d,,f,c,,s,s,p
,5.91,23.47,,p,,,f,s,,b,b,p
6.42,5.63,14.07,,w,d,a,f,s,,s,s,e
8.73,,10.52,p,p,d,u,f,x,i,f,x,e
,4.34,,,n,d,u,f,s,,x,x,p
7.31,,22.49,,,d,,f,s,,f,o,e
3.68,6.16,9.74,,n,d,u,z,x,,x,b,p
,3.63,,,n,,u,f,f,k,x,,p
,6.44,13.2,,y,d,a,f,x,,x,x,e
7.5,8.98,12.65,,n,d,a,f,f,i,s,s,e
,8.67,9.82,,w,d,s,f,x,i,f,x,e
4.74,6.67,6.93,,r,l,u,,x,,f,x,e
6.56,7.18,13.56,,w,d,u,f,x,s,x,x,e
5.14,5.85,20.42,,f,l,s,f,c,,f,x,e
6.07,6.94,5.34,,n,d,,l,x,t,f,s,e
3.81,5.02,5.48,,r,d,,f,x,,c,b,e
4.99,,49.98,,f,l,u,f,s,,o,x,e
,0.0,0.0,,w,d,a,f,o,f,,x,p
,,9.87,,w,d,a,e,b,y,x,c,p
4.42,8.12,7.99,,,d,a,,x,,x,b,e
,8.23,8.06,,n,d,a,z,x,i,f,p,p
,4.24,1.08,,p,d,,f,x,h,x,o,p
13.4,17.95,17.14,,,d,,p,x,y,x,f,p
2.98,0.0,0.0,,f,d,s,f,o,f,s,x,p
3.01,,2.39,,w,g,,f,s,,,f,p
3.83,4.2,9.72,,y,d,a,,x,,s,f,e
,10.02,22.7,,g,d,a,f,x,y,x,x,e
17.54,10.68,28.1,,,d,w,,x,,f,x,e
14.2,5.06,27.51,,b,d,,f,f,,c,f,e
,5.25,6.62,,,d,,,b,i,x,s,p
,3.6,0.76,,y,d,u,f,x,,f,f,p
,8.56,3.93,,p,l,,f,f,i,f,f,e
,7.08,16.55,,w,d,a,f,f,s,x,x,e
,13.0,11.88,,y,d,u,,x,y,x,x,p
,,3.75,,,d,u,e,b,k,x,x,p
,6.5,10.6,,y,,u,f,,,,c,p
,4.42,13.29,,p,w,u,l,f,,x,x,e
,8.67,14.43,,,d,a,f,x,,b,x,e
6.67,12.29,26.95,,g,d,u,f,x,,f,x,e
3.96,6.02,8.28,,o,d,a,f,x,t,b,s,e
5.48,,20.15,,f,d,s,f,c,,b,x,e
4.12,6.6,,,r,l,,f,x,,c,p,e
4.65,6.21,7.58,,r,d,,f,,,f,s,p
18.59,,35.83,,w,d,a,f,x,y,x,f,e
4.16,6.63,4.66,,p,g,u,f,b,i,f,x,p
,9.85,17.23,,w,d,,,x,,p,b,e
4.59,,0.0,n,w,d,u,f,o,f,x,x,p
,,16.56,,,,w,f,f,,b,x,e
,13.04,10.98,,,d,u,,x,y,c,x,p
11.0,6.59,20.79,,n,,u,f,x,,,x,e
7.28,,9.43,,,d,a,f,f,i,f,s,e
,7.51,12.9,,w,,u,f,p,,x,s,e
,,2.05,,g,d,,f,b,s,,x,p
,6.29,12.37,,y,d,a,,x,,p,x,e
,8.24,13.2,,y,d,a,f,,s,f,s,e
,4.6,5.67,,,d,u,z,x,,s,,p
0.81,5.13,0.9,,w,,u,f,f,,p,x,p
,5.47,23.16,,y,d,s,f,o,k,x,f,e
,8.67,15.08,,p,l,a,l,,y,x,x,e
7.09,7.37,16.39,,y,,u,f,x,,f,x,e
0.57,3.26,0.77,,,d,a,f,x,,s,x,p
,,19.41,,b,,a,f,f,,f,x,e
13.9,,,w,,d,u,,s,,,o,e
8.54,7.84,14.5,,,d,u,f,s,,o,x,p
12.76,6.71,25.54,,w,d,,f,s,,s,f,e
,4.85,5.69,,g,d,,f,s,s,f,x,p
7.19,7.29,17.04,,w,d,w,f,x,,b,f,p
,,50.4,,,d,s,f,o,k,,x,e
,6.57,8.86,,w,l,w,f,f,s,x,,e
,10.76,14.26,,w,d,,g,f,,x,s,p
9.51,7.34,9.25,p,p,,s,f,x,i,f,x,e
3.11,4.66,,,p,,a,z,x,,c,f,p
8.14,,9.82,,,d,a,f,f,,x,x,p
,5.97,9.41,,w,g,a,f,f,i,f,x,e
,5.17,6.58,,,d,u,f,f,,x,x,p
7.62,5.79,11.42,,w,d,a,g,x,,c,b,e
5.18,5.81,6.02,,,m,a,f,b,,f,c,e
6.41,,6.27,,g,d,a,f,x,y,x,c,p
10.38,9.11,,,p,d,a,l,x,y,x,x,e
,3.79,9.09,,,d,a,f,x,,x,p,e
7.75,,8.7,k,,,a,,,i,x,f,p
7.33,6.67,10.82,,w,,u,f,f,i,p,x,e
8.1,6.76,18.47,,w,d,u,f,x,,x,f,p
,3.94,6.86,,n,d,a,f,f,,f,x,p
5.07,3.8,13.91,,r,d,a,f,x,,f,x,p
,4.65,2.59,,p,g,u,f,s,h,f,,e
,7.78,15.9,,y,d,,,x,,x,,e
,,12.29,,w,d,a,f,f,i,f,x,p
,6.66,12.77,,b,m,a,f,f,,o,x,e
6.38,5.95,12.8,,y,d,u,f,x,,b,,e
,11.34,,,w,,a,f,x,s,x,,e
,4.44,9.52,,o,d,a,,x,,x,x,e
,0.0,0.0,n,,d,a,f,o,f,,x,p
,4.11,9.65,,n,d,a,f,x,,x,x,e
7.08,5.65,26.27,,w,d,u,,x,,x,x,e
5.25,,4.73,,n,d,a,l,x,t,,x,e
12.51,10.12,25.57,,,d,w,f,s,,o,f,e
1.39,4.76,1.38,,,,a,f,c,,x,x,e
8.93,5.97,24.3,,w,d,,e,f,,c,o,e
,5.84,18.06,,w,d,,f,x,,x,p,p
8.34,,16.07,,y,d,,f,o,,f,s,p
3.02,9.08,2.5,k,,,u,f,b,,x,x,e
2.89,3.05,13.32,,f,d,a,f,o,g,s,f,e
,3.8,0.91,,p,d,,f,x,,x,b,p
6.86,3.87,14.41,,w,d,a,,f,,o,f,e
4.72,6.52,3.63,,w,,u,f,x,,c,x,e
,,7.12,,k,g,a,,b,,f,x,p
,8.57,12.99,,y,h,a,f,x,s,x,,e
,6.82,13.25,,w,g,a,f,p,,f,x,p
8.55,,16.49,,n,d,a,p,x,,x,f,e
,,4.94,,f,d,a,f,f,,b,,e
4.33,3.65,11.14,,f,d,a,,f,,,b,e
17.93,8.65,26.01,w,k,d,a,f,x,,b,b,e
0.95,6.3,0.98,,w,d,a,f,,,s,,e
4.41,4.18,6.21,,n,d,w,z,x,y,s,x,p
,,15.64,,w,d,u,f,x,,s,p,e
1.72,,2.48,,,d,,f,x,,x,f,e
,7.9,21.45,,g,d,a,,s,,f,,e
1.73,5.35,2.14,,,,u,f,b,s,s,x,e
2.91,3.6,3.61,,n,d,a,f,c,i,x,f,p
,7.38,12.58,,p,d,u,f,,,x,x,e
1.65,,1.77,,,,a,f,c,,f,x,e
7.12,4.47,12.6,,n,w,a,r,f,,f,f,e
,8.98,18.21,,y,d,a,p,x,,x,x,e
6.08,14.1,7.25,,w,d,,f,x,g,b,x,p
13.39,9.25,27.07,,e,,a,f,x,,x,b,p
7.33,3.71,10.42,,w,d,a,f,s,,f,x,e
,8.42,16.18,,y,d,u,f,x,,x,x,e
8.73,5.0,15.19,,n,m,u,r,p,,f,x,e
9.35,10.55,30.43,,p,d,,f,x,,b,x,p
7.78,7.49,13.45,,w,g,u,f,p,,x,x,e
10.44,4.9,16.27,,w,d,,f,x,,x,s,p
8.66,5.76,16.61,,o,d,a,f,s,,x,x,e
8.19,5.87,17.73,,w,d,u,f,x,,f,,p
5.79,4.34,11.16,,n,w,,l,f,,x,f,e
12.53,17.74,13.13,,w,u,s,e,p,s,x,b,e
,3.98,2.92,,,g,u,f,b,,x,s,e
,,6.12,,w,,s,r,x,s,b,b,e
3.47,,7.2,,o,d,w,f,x,,x,x,e
,,,,w,d,,f,,s,x,f,e
5.74,7.03,10.68,,w,l,w,f,x,s,s,x,e
20.28,18.31,67.38,,y,d,u,f,p,,x,o,p
11.39,8.36,23.59,,w,,,f,x,,x,x,e
5.92,7.69,58.22,,f,l,w,f,s,,,x,e
18.99,17.82,36.49,,n,,a,f,x,y,x,s,e
10.67,7.44,17.22,,y,d,u,f,x,i,f,x,p
,6.71,7.97,,,d,u,f,c,,f,x,p
,6.98,16.79,,,d,a,f,f,s,f,,e
,,3.08,,n,d,u,f,b,,x,x,e
,7.03,7.49,,f,d,a,,s,,o,f,e
,9.97,10.6,,w,d,a,f,f,i,f,s,p
,6.66,12.2,,,d,a,f,x,,o,x,e
,10.07,,,w,g,a,,,,x,p,e
,6.05,3.68,,w,d,u,r,x,y,b,p,p
,,13.68,,y,d,w,f,f,,x,f,e
6.08,13.06,,,w,d,u,f,f,g,x,f,p
1.42,4.8,1.5,,,l,u,f,c,,,f,e
7.88,8.04,7.86,,k,d,,z,x,i,f,o,p
,4.72,4.73,,w,d,u,r,x,y,f,b,e
,11.64,22.06,,y,,a,r,x,,x,o,p
7.49,5.61,11.06,,,,a,f,b,s,x,x,e
6.57,5.05,10.68,,g,d,u,f,b,s,x,x,e
1.38,,1.49,,n,d,,f,x,,x,x,p
3.7,0.0,0.0,,f,d,s,f,o,f,x,o,p
,6.2,16.26,,,d,u,f,x,,p,f,p
15.58,,16.86,,,g,a,,x,,x,s,e
1.62,,2.27,,k,g,u,f,f,,f,f,e
8.08,7.99,14.06,,,d,u,p,p,y,f,f,p
,6.05,3.71,,w,d,,r,x,y,x,f,p
,4.44,12.09,,w,d,,f,s,t,f,f,e
,2.27,11.58,,w,d,a,f,x,,f,x,p
5.04,,10.98,,o,m,,f,x,,x,x,e
,10.04,18.76,,n,,,l,,,x,x,e
10.91,8.04,22.21,,y,,,f,x,,f,f,e
,2.6,16.64,,w,d,a,f,f,,s,f,e
,3.12,3.43,,n,p,a,f,f,i,x,f,p
,10.61,12.64,,w,d,a,f,x,i,f,s,p
,,14.33,w,w,d,u,,f,i,f,f,p
4.76,,11.73,,,g,,f,c,,,b,p
,7.82,,,y,d,u,,x,,,p,p
2.97,7.91,4.07,,,d,,,f,,s,s,p
,6.04,7.79,,o,d,w,f,f,t,b,f,e
,3.88,1.02,,n,,a,f,x,h,,s,p
,7.87,3.3,,n,g,a,f,c,,b,p,p
,10.01,13.63,,n,d,a,,f,t,x,x,e
2.27,4.39,5.6,,p,d,,f,s,,x,f,p
,3.93,3.49,,w,p,u,,c,i,s,f,e
6.35,,8.86,,p,d,w,f,x,i,x,f,e
,5.97,16.57,,,d,u,f,s,,f,x,p
6.38,4.84,8.7,,,d,a,f,x,y,x,x,e
,4.03,6.25,,,d,,f,f,,,f,p
,2.74,12.5,,r,d,a,f,x,,s,x,p
,7.57,13.98,,,,a,l,x,,x,b,p
2.83,4.58,10.75,,n,d,,f,x,,x,x,e
,,26.34,,w,d,,f,s,,f,x,e
17.76,5.65,27.13,,,,a,f,s,,,x,p
,10.94,15.94,,w,d,u,,f,,f,f,p
,5.22,2.53,,n,g,,f,x,,s,x,p
5.77,5.02,,,,,a,f,f,,b,x,e
6.29,7.46,9.87,,,,a,z,x,,f,b,p
,5.15,26.61,,w,l,a,f,s,,f,s,p
11.58,9.48,22.99,,y,d,,f,x,,,c,e
,8.82,18.06,,p,,a,l,p,,,x,e
,5.83,1.96,,w,g,a,f,x,t,f,f,e
4.91,5.99,12.26,,o,g,,f,s,,,x,e
,5.93,1.9,,w,,,f,x,t,f,f,e
5.76,4.04,4.03,,n,d,w,l,x,t,f,,p
,5.64,5.62,,u,l,u,f,b,s,b,f,p
6.59,8.28,15.21,,w,d,,p,x,y,,x,p
3.42,5.12,4.03,,y,d,w,,x,k,s,f,e
1.39,3.29,5.2,,f,d,,f,s,,x,s,p
,4.84,2.82,,p,h,a,f,f,i,s,,e
4.4,6.32,3.88,,u,d,,f,f,,,x,e
,5.76,16.69,,o,d,,f,s,,b,x,e
,6.41,16.85,,w,d,u,f,f,,c,f,p
11.15,,24.1,,w,d,a,e,f,,p,f,e
,4.87,4.3,,,d,u,f,b,s,x,,e
,10.83,24.17,,g,d,,f,x,y,x,f,e
,5.89,4.91,,y,l,,f,f,,s,o,p
5.76,8.11,17.69,,y,,u,f,x,,f,b,p
1.59,5.12,2.65,,k,d,,f,,,x,x,e
,6.1,15.63,,w,d,u,f,x,s,x,s,e
6.24,5.68,,,g,d,u,f,f,s,x,f,e
6.71,6.13,20.85,,f,l,s,f,o,,f,p,e
,5.09,7.46,,w,d,u,f,x,,f,x,p
,,11.87,,p,w,u,r,f,,p,f,e
,6.93,15.25,,,d,a,f,x,,b,x,e
3.79,4.01,5.46,,n,,w,z,x,y,x,,p
,,8.66,,p,d,a,f,s,,s,f,e
12.55,13.9,31.03,,w,d,,f,p,y,s,p,e
8.58,,,,w,,a,f,p,,x,x,e
,8.51,,,w,d,a,f,s,,o,x,e
,5.07,12.4,,y,,,f,f,i,b,x,p
8.33,5.35,12.09,,,d,a,f,x,,x,o,e
15.95,6.06,55.58,,y,,a,f,x,,x,s,p
,5.71,8.98,,w,m,,f,f,i,,x,e
5.26,6.09,6.06,,r,d,,f,c,,x,x,p
,6.29,7.46,,n,d,u,,c,,x,x,p
15.04,26.58,18.58,,w,d,u,m,p,,x,s,e
13.46,5.1,25.07,,b,d,,f,s,,b,o,p
2.66,3.24,3.64,,n,p,u,f,c,i,f,x,p
6.62,4.84,7.36,,o,,a,f,,,p,x,p
,8.16,3.86,,p,l,a,f,x,,f,f,e
,5.62,27.75,,w,d,,f,s,,s,b,p
,5.33,1.84,,n,d,u,f,x,,f,f,p
6.51,5.92,21.15,,f,l,,f,p,,o,f,e
9.98,9.25,16.87,w,,d,a,,f,i,b,x,e
,7.18,14.49,,y,d,,f,f,y,x,f,p
13.27,19.74,17.27,,,d,a,m,f,,b,x,e
7.78,6.25,,,,d,a,f,x,,x,c,e
,4.18,9.95,,y,d,a,f,,,x,p,e
4.1,,10.35,,,g,u,f,c,,f,x,p
,,0.0,,f,,a,f,,f,f,x,p
,7.13,2.32,,w,d,u,f,x,,x,p,p
,5.3,4.66,,n,d,a,l,x,t,f,s,e
5.76,,10.06,,w,l,a,f,x,s,x,s,p
6.9,5.19,8.88,,,l,u,f,f,i,s,o,e
6.28,5.41,13.79,,p,,u,e,x,,x,f,e
5.19,5.66,19.28,,f,l,s,f,c,,f,x,e
1.31,,,,w,d,u,f,x,t,x,s,e
,5.58,5.24,,,d,a,f,x,,x,f,e
,14.22,11.07,,w,u,u,e,p,s,b,x,e
7.77,8.17,15.61,,y,d,a,f,x,,x,f,e
,4.77,15.88,,w,d,u,f,f,,b,x,e
4.47,6.78,4.68,,g,d,s,f,f,s,s,f,e
6.97,5.26,12.01,,b,d,a,f,s,,x,p,e
7.6,6.9,17.69,,,,u,f,x,s,f,x,e
12.0,6.21,24.78,,w,d,a,f,s,,x,x,e
,,11.19,,g,g,u,,,s,b,f,p
6.73,5.61,,,,l,a,f,f,i,p,x,e
,6.57,6.89,,r,l,a,f,x,,s,s,e
7.91,6.88,16.16,,y,d,u,,x,,x,x,e
1.67,,1.49,,g,l,a,f,c,,b,f,e
8.12,11.18,25.66,,g,d,a,f,,y,,f,e
,6.61,4.08,,w,d,u,f,f,,x,x,e
8.92,20.95,12.94,,p,g,a,e,f,s,x,x,e
6.32,8.54,,,u,d,a,f,x,,f,f,p
3.06,6.29,2.89,,k,d,s,f,b,,x,o,e
,,19.77,,,m,a,m,p,,x,f,e
,10.62,13.57,,w,g,a,z,p,s,f,b,p
,,5.23,,u,,a,f,x,,f,x,e
,,12.48,,w,d,a,f,x,,b,s,e
3.5,4.91,7.3,,w,,a,f,f,,f,x,p
,5.15,1.94,,,d,,f,b,s,x,x,p
8.99,5.03,19.02,,b,d,a,f,f,,x,b,e
7.92,5.08,14.59,,w,d,a,,,,,x,e
6.3,8.67,8.65,,n,,u,,x,y,f,x,p
,4.13,3.28,,g,,s,f,f,s,x,s,p
,5.35,,,,l,,f,s,s,x,f,e
13.12,,24.21,,y,d,u,f,x,,f,x,e
3.95,4.86,6.92,,p,d,u,f,s,,f,o,e
5.64,5.47,,,f,l,s,f,p,,x,f,e
,5.15,19.45,w,y,d,w,f,x,,x,b,e
7.62,7.63,11.05,p,p,d,w,f,x,i,f,,e
4.61,10.93,11.03,,w,d,a,f,c,s,f,,e
1.02,6.04,1.17,,,h,a,f,x,,,x,e
,5.83,3.31,,g,d,u,f,b,s,x,f,e
3.87,4.66,6.1,n,e,d,,f,x,,x,x,p
,7.7,8.0,,w,,a,,x,,x,x,e
2.09,3.43,3.48,,n,p,a,f,f,i,p,f,p
2.8,3.91,6.03,,,m,w,f,x,,f,x,e
,4.07,,,y,d,s,f,o,k,x,s,e
4.56,0.0,0.0,,f,,s,f,o,f,f,x,p
,5.04,7.26,,y,d,u,f,f,,f,s,e
,6.24,8.34,,r,d,a,f,,,s,s,e
19.32,15.51,33.37,,n,d,,f,,y,s,s,e
,7.55,31.1,,o,d,u,f,x,,x,x,p
2.19,0.0,0.0,n,w,,u,f,,f,o,x,e
3.5,,6.14,,,,a,f,x,,s,x,e
,,8.46,,,g,a,f,x,g,x,x,p
,5.71,10.81,,w,d,a,g,,,f,x,e
,8.38,9.79,,n,d,a,z,x,,x,x,p
5.57,,5.61,,n,d,u,,x,,x,o,e
1.63,6.65,2.45,,,g,u,f,x,,f,x,e
9.31,,17.12,,w,d,,g,f,,x,x,e
46.68,5.87,36.92,,y,d,s,f,o,k,f,o,e
1.4,6.15,2.27,,w,g,u,f,x,t,s,f,e
,,13.19,,f,d,u,f,s,,,o,e
,3.81,6.18,,y,d,u,f,s,,o,x,p
9.55,,16.86,,o,d,u,f,s,,f,x,e
1.46,4.97,,,g,d,w,f,x,,x,f,p
1.19,3.66,5.36,,f,d,a,f,x,,f,f,p
0.71,5.0,1.11,w,o,g,,f,x,,s,x,p
,,6.77,,,d,u,f,x,,x,x,e
,18.2,17.76,,,d,w,g,f,y,s,f,p
,5.25,27.31,,n,l,a,f,s,,f,p,p
,6.11,25.57,,w,d,,e,x,,x,f,e
,5.19,0.99,,,h,u,f,f,,f,o,e
4.99,5.02,47.69,,f,l,a,f,s,,x,x,e
,,5.05,,y,,a,f,f,,s,s,p
7.22,4.79,,,p,d,,f,f,,s,p,p
3.44,6.18,7.55,,f,d,,f,s,,x,x,e
,3.51,5.76,,w,m,a,f,x,,x,s,e
11.27,,25.69,,w,,w,e,f,,x,f,e
5.9,7.18,7.13,,r,,a,f,c,,s,s,p
3.23,,3.54,,n,d,w,f,b,,x,b,e
,5.63,6.53,,r,,,f,,,f,s,e
0.88,3.01,1.35,,g,d,s,f,b,,s,f,e
,5.75,6.28,,y,d,u,,x,i,x,f,p
,9.34,13.11,,y,d,a,f,f,t,f,f,e
,6.33,2.33,,w,d,a,f,,t,x,f,e
,4.37,2.57,,w,g,,,b,,b,x,e
3.31,,5.86,,,g,w,f,f,,s,f,e
,9.04,10.52,,y,d,a,,x,y,s,x,p
5.55,,8.47,,w,,w,f,,s,f,x,e
6.65,4.27,8.68,,p,d,w,f,f,,x,,p
11.98,5.38,16.66,,o,d,a,f,s,,b,x,e
4.36,0.0,0.0,n,,d,u,f,,f,x,f,p
,4.65,1.3,,g,d,u,f,c,,,s,e
,,13.66,,,d,a,f,s,,x,x,p
,12.11,27.73,,g,d,u,f,x,y,x,x,e
12.84,5.93,21.66,,b,d,a,f,f,,s,x,e
18.65,18.71,78.85,,w,d,a,f,x,,f,f,e
7.92,4.55,11.45,,k,g,u,e,,,f,f,e
7.1,7.54,12.07,,,g,u,f,x,s,c,f,e
10.59,,21.05,,b,d,a,f,f,,x,x,e
2.68,,3.48,,w,p,,,c,i,,s,p
10.29,,22.68,,w,l,a,f,x,,s,f,e
6.66,6.45,6.18,,b,,u,f,s,,x,f,p
,8.93,22.88,,y,d,u,f,x,,p,x,p
,8.11,8.41,,w,g,u,,x,,b,x,e
6.94,,,,,g,a,f,x,,x,x,e
2.09,3.76,3.64,,w,p,u,f,c,i,s,s,p
,8.13,10.98,,n,,a,f,s,,x,o,p
3.87,5.68,3.44,,,g,,r,x,y,x,,p
10.51,,12.25,,w,d,,g,x,,x,x,p
9.11,5.09,16.84,,o,d,u,,s,,s,b,e
,5.74,10.12,,w,l,a,f,f,i,f,x,e
8.24,7.84,16.89,,y,,u,f,x,,o,x,e
,3.19,6.1,,p,g,u,f,x,,f,x,e
3.77,,5.7,k,n,d,a,f,f,s,x,b,e
9.16,4.96,19.87,,,d,a,f,f,,o,s,e
1.5,5.99,1.91,,w,h,,f,x,t,,x,e
3.18,,16.2,,f,d,u,,o,g,x,x,p
7.43,8.25,14.89,,w,d,a,p,x,y,x,x,p
,6.76,9.32,,o,d,a,f,f,t,x,x,e
3.27,4.63,10.4,,y,d,,f,x,,b,s,e
4.1,3.85,8.74,,o,d,u,f,x,,x,x,e
,5.47,3.51,,w,,a,,,y,p,x,p
12.57,13.87,35.24,,w,d,a,,x,,x,x,p
2.86,3.4,5.93,,,m,a,f,x,,,x,e
8.35,6.36,20.48,,n,d,,f,f,,f,x,e
2.71,8.07,3.22,,p,,a,f,s,i,x,f,e
7.78,2.39,,,w,d,a,f,f,,p,x,e
,4.15,5.46,,n,d,a,e,x,,s,o,p
8.37,7.54,10.34,,w,,u,f,x,i,x,f,e
,,25.33,,y,d,a,f,s,,x,x,e
4.12,5.92,4.57,,u,,a,f,b,s,s,,p
,,15.61,,y,d,a,,,,x,x,e
5.47,4.51,,,w,d,w,r,x,y,x,b,e
,,15.2,,w,d,a,f,f,,,p,e
3.89,6.19,6.25,,,,a,f,f,,f,f,p
,6.29,2.71,,k,d,,f,b,,x,s,e
,7.49,11.33,,w,,a,f,x,s,x,x,e
3.14,5.7,5.47,,,l,a,f,b,s,s,x,e
,4.91,10.22,,,,a,f,x,y,x,f,e
,3.91,10.98,,,d,u,f,x,,x,b,e
,19.89,68.81,,w,d,a,f,,,x,f,e
,6.05,17.65,,,d,a,f,s,,,c,e
1.78,5.34,2.27,,g,d,u,f,b,s,s,f,e
,,33.89,,w,d,a,f,,y,f,x,e
6.45,8.29,22.91,,g,d,a,f,x,y,,b,e
12.32,12.88,35.03,,w,,,f,x,,x,s,p
,5.11,12.19,,n,m,u,e,p,,o,b,e
,6.62,,k,,d,a,f,x,s,x,p,e
1.7,1.89,2.32,,,h,a,f,x,s,x,x,p
,4.72,15.99,,,,u,f,f,,,x,e
1.48,1.69,2.28,,,h,u,,x,s,x,x,p
4.8,7.85,7.08,,y,d,s,f,f,s,s,x,e
0.95,4.55,,,,d,,f,x,h,x,x,p
6.6,,,,n,d,u,,x,y,s,x,p
,,16.36,,w,g,u,f,p,,f,x,p
3.47,4.67,6.56,,p,d,u,f,f,,x,f,e
2.92,3.16,5.65,,,m,a,f,x,,x,f,p
8.06,,13.55,,g,d,u,f,s,t,b,c,p
4.21,4.85,,,p,,a,f,s,,c,,e
3.78,4.64,3.22,,,d,u,f,f,i,b,s,p
,5.08,13.89,,f,,,f,f,,o,x,e
4.03,7.42,58.14,g,f,d,w,f,o,,f,x,e
,,2.55,,n,m,,e,p,,b,f,p
7.76,,11.8,,y,d,a,f,x,,x,x,e
5.87,,10.28,,,d,u,,b,s,x,x,e
6.16,6.82,5.51,,n,d,u,l,x,t,x,x,p
17.72,,25.97,,,,,f,f,,x,x,e
20.98,16.92,82.25,,,d,a,f,,,f,x,e
7.52,8.54,12.24,,y,d,,f,f,t,x,x,e
,7.54,27.84,,w,,,e,x,,f,x,e
3.09,3.99,9.19,,,d,,f,x,,x,,e
,5.88,9.9,,w,l,u,f,f,i,f,x,e
5.37,5.42,6.45,,y,d,u,,x,i,f,,p
,8.11,41.11,,y,d,u,f,o,k,x,x,e
,7.07,14.19,,y,d,a,f,x,,x,x,e
,,26.03,,w,m,s,f,x,,f,x,e
8.33,6.31,17.27,,o,,a,,s,,x,,e
5.07,7.04,14.4,,y,d,a,f,x,,b,x,e
4.96,7.59,53.48,,,l,a,f,s,,x,x,e
,12.09,25.29,,g,d,a,f,,y,f,f,e
2.56,4.83,6.63,,,d,u,f,f,,s,x,e
3.09,3.32,6.22,,n,d,u,f,f,,x,o,p
,6.48,6.85,,n,,u,f,c,,x,x,p
,3.96,,,n,d,u,e,b,k,x,x,p
,6.9,17.51,,y,d,u,p,x,,x,s,e
3.72,4.12,6.17,,w,g,a,f,x,,b,f,e
,6.73,7.08,k,n,,,f,f,s,f,b,p
3.49,5.07,3.43,,w,h,a,r,x,,x,b,p
,,3.24,,w,,a,,f,s,x,b,p
6.28,7.72,11.83,,w,d,a,p,x,y,f,x,p
4.82,5.17,19.49,,,,,,o,,s,f,e
4.71,6.56,7.53,,r,l,a,f,x,,b,f,e
10.22,4.75,22.85,,,l,a,f,f,,x,x,p
19.28,25.76,20.92,,w,d,u,m,p,,x,x,e
,6.94,1.99,,,g,,f,x,t,x,x,e
4.27,12.04,7.17,k,n,g,a,,b,,f,x,p
10.69,4.63,21.69,,b,g,u,f,x,,x,b,p
,10.33,30.56,,w,d,,f,x,,f,f,p
,4.25,16.62,,w,d,a,f,f,,,x,e
6.24,3.59,8.82,,w,,a,f,x,,x,f,p
3.42,4.09,9.61,,y,d,a,f,x,,,x,e
18.69,8.52,25.74,w,y,d,u,f,f,,s,x,e
5.0,7.19,5.54,,w,d,w,f,f,k,x,x,e
,,5.93,,w,,a,f,x,,x,f,p
19.02,19.14,36.91,,w,d,u,f,,y,f,s,e
10.01,6.77,22.8,,n,d,a,f,f,,p,f,e
,,12.15,,n,w,u,,x,,x,,e
,6.15,12.79,,w,d,u,g,x,,,x,e
5.69,4.29,13.33,,y,d,a,f,s,,,f,p
7.6,7.66,19.74,,p,d,w,f,,,b,f,e
,4.14,3.02,p,p,g,u,f,f,,x,x,p
,4.7,6.02,,r,d,u,f,f,t,b,x,p
,5.02,14.56,,y,d,a,f,f,,x,x,p
2.6,3.73,3.55,,n,p,a,f,f,i,s,x,p
,,2.15,,g,d,,f,,s,f,f,p
6.15,7.11,13.15,,r,d,u,f,,,b,s,p
1.41,5.82,,,w,d,u,f,x,t,s,f,e
1.76,5.43,2.97,,,d,a,f,b,,x,s,p
3.74,8.85,4.45,,p,d,a,f,f,,x,x,p
3.52,4.64,10.44,,n,,a,f,x,,f,f,e
11.64,10.51,17.89,,w,,u,g,f,,b,,e
1.81,4.8,1.47,,g,l,a,f,c,,o,b,e
4.75,6.1,7.57,,r,d,a,f,x,,b,f,e
1.42,,2.47,,n,m,a,e,p,t,o,s,p
,4.94,16.87,,w,d,u,f,x,,p,x,e
3.99,5.56,,,,,a,,s,,s,f,e
7.86,8.95,15.44,,,g,a,l,x,,x,,p
,9.16,23.97,w,k,d,w,f,x,,x,f,e
5.57,5.47,12.0,,o,d,u,f,x,,f,x,e
6.96,10.55,11.27,,n,d,u,,x,y,x,b,e
7.94,5.98,17.96,,w,d,u,f,x,,x,x,p
,,4.14,,,,,f,x,,x,x,e
3.74,4.08,3.06,p,p,g,a,f,f,,f,b,p
,8.93,18.13,,y,d,u,f,x,,f,s,e
3.29,7.02,5.35,,w,d,w,f,x,,x,f,e
,2.13,2.79,,n,h,a,f,x,s,f,x,p
,5.78,10.21,,p,d,a,,x,y,p,x,e
,15.84,34.33,,w,d,a,f,x,y,x,s,e
,6.59,18.73,,,,u,f,x,s,x,x,e
,7.68,16.84,,y,d,,f,x,,,f,e
4.9,5.14,5.34,,w,d,,r,x,s,x,,e
7.85,9.66,12.93,,n,,a,f,f,i,f,f,e
,7.7,19.48,,,d,a,f,x,,c,x,p
6.4,,,,y,,a,f,x,,s,p,e
6.05,,7.28,,w,,a,f,s,s,x,s,e
13.7,7.84,25.85,,,d,a,e,f,,x,s,e
,,4.33,,g,d,,f,b,s,p,p,p
10.45,7.13,19.18,,b,l,w,f,s,,x,x,e
,4.92,25.21,,w,d,,,o,,x,f,e
13.09,7.06,16.73,,n,h,a,f,s,,x,s,p
,4.52,,,,d,,f,,,x,f,e
,6.91,3.87,,u,d,,f,f,,s,s,p
3.31,,6.57,,w,d,a,f,s,,f,o,p
,10.44,,,y,,a,f,x,,x,x,e
,4.5,9.6,,,d,,f,x,,x,x,e
,6.8,23.64,,w,d,a,e,,,x,f,e
1.68,5.32,1.58,,w,d,u,f,c,,b,x,e
5.52,6.59,14.0,,y,d,,f,x,,x,,p
,3.7,,,p,,a,f,x,,x,x,e
,11.46,24.61,,,,,f,x,y,f,o,e
,5.0,3.96,,p,d,u,f,f,i,f,f,p
,5.55,14.03,,,d,,f,x,,p,x,e
,4.75,8.72,,y,l,a,f,x,,x,s,e
1.47,3.04,1.31,,n,d,,f,o,,,p,p
,11.1,16.54,,w,d,a,g,f,,x,f,e
,7.66,21.34,,,d,a,f,,s,b,x,e
,5.49,25.16,,y,,u,f,o,k,o,,e
,7.65,17.45,,y,d,u,p,x,,x,x,e
4.97,4.5,7.12,,,,u,f,x,,f,f,e
4.85,6.66,8.91,,r,d,u,f,c,,,x,p
,6.73,3.69,,p,d,,f,x,,s,b,p
,2.88,6.26,,w,g,a,f,s,,,x,e
,3.99,2.79,,,,u,f,b,,s,f,e
11.75,8.91,21.87,,,d,u,f,x,,b,x,e
4.68,6.03,7.79,,r,l,a,f,x,,x,x,e
2.98,,6.51,,f,d,a,f,s,,p,s,p
3.62,3.54,5.75,,o,,a,f,s,,,x,p
7.02,4.85,12.25,,f,d,a,f,f,,s,x,e
4.36,6.12,7.49,,o,,w,f,f,t,x,x,e
13.36,,26.63,,w,d,a,f,s,,f,b,e
10.15,9.39,18.13,,,l,,p,x,y,f,x,e
,,5.15,,y,d,,f,s,,p,x,p
1.58,4.37,1.37,,n,d,s,f,,t,x,s,p
,5.39,15.78,,y,d,a,f,f,,p,x,p
2.02,5.55,2.75,p,w,g,,f,x,,,p,e
7.6,13.02,13.1,,w,d,u,e,b,y,o,c,p
,,20.24,,g,d,a,f,,y,c,p,e
18.71,6.55,,w,y,d,w,f,f,,x,,e
1.52,6.27,2.05,,w,,a,f,x,t,f,c,e
6.91,,,,,h,u,f,s,s,p,x,e
1.5,2.11,2.52,,n,,a,f,x,s,x,x,p
,6.9,11.07,,y,d,a,f,,,x,f,p
6.37,7.31,8.78,,n,d,a,f,s,,f,b,p
,5.28,16.71,,f,d,a,f,x,,,x,e
,5.16,12.33,,,,a,f,x,,f,o,e
9.94,9.16,17.43,,g,m,a,l,f,,f,s,e
,8.69,16.55,,,d,u,p,p,y,b,x,p
15.13,,23.26,w,y,,,f,x,,f,x,e
15.94,9.84,25.09,,w,l,w,f,f,,x,p,e
3.95,6.46,4.17,,g,d,s,f,b,s,x,x,e
5.3,,4.89,,b,d,a,f,s,,,x,p
,9.97,31.6,,p,d,u,f,p,,x,x,p
2.05,,1.96,,g,d,a,f,,s,f,o,p
,5.88,6.91,k,n,d,u,e,b,y,s,x,p
7.92,,12.18,,w,d,a,f,f,i,f,f,p
,,18.51,,p,d,a,p,x,y,b,s,e
8.72,7.18,,,w,d,u,f,x,,s,c,e
8.11,,15.96,,,d,a,f,x,,x,x,e
5.34,6.05,6.8,,y,d,u,,x,,x,x,p
6.13,13.02,7.66,,,,a,f,x,g,x,f,p
,7.16,28.26,,n,d,u,f,s,,x,x,p
,,2.53,,w,d,,f,x,,f,x,p
,4.17,2.7,,p,h,u,f,,i,b,b,p
,,27.22,,,,s,f,o,g,x,x,p
9.57,,,,w,,u,f,s,,o,b,e
4.68,7.44,4.15,,w,d,u,f,x,,x,b,e
,6.58,13.7,,,d,a,f,,,x,x,e
,5.98,15.98,,,d,a,f,s,,x,f,p
,16.99,35.53,,n,,,f,x,,x,p,e
1.03,5.36,1.03,,,,a,f,f,,x,c,e
,6.12,,,,d,u,r,x,y,f,,p
6.84,6.4,13.58,,y,d,,,x,,b,x,e
46.26,7.59,28.31,,,d,u,f,o,k,x,f,p
,15.64,,,n,d,,f,p,y,x,p,e
10.58,9.0,,,p,d,a,p,x,y,x,x,e
6.88,,17.64,,g,d,w,f,s,,,,e
,6.47,3.3,,,h,u,f,f,i,o,,e
1.25,,5.71,,f,d,u,f,s,,f,x,p
7.68,4.17,22.42,,w,d,,f,o,,x,x,e
4.95,4.61,7.31,,g,,a,f,x,,f,x,e
3.4,5.88,6.9,,f,d,,f,s,,x,c,e
1.45,4.6,2.4,k,k,,,,x,s,f,f,p
,4.53,7.98,,y,d,,f,x,,x,x,e
4.01,5.94,47.7,g,,l,u,f,o,,x,f,e
3.43,7.24,3.95,,p,l,u,f,s,i,,x,e
6.19,5.99,11.99,,w,d,u,g,x,,x,s,e
11.38,7.06,21.88,,,d,u,f,x,,,x,e
11.96,24.72,,,p,g,,e,p,s,o,x,e
5.12,4.0,7.0,,w,l,a,f,s,s,f,f,e
2.96,,2.32,k,k,g,a,f,b,,,o,p
1.21,5.52,1.55,,,d,a,f,x,t,f,f,e
4.9,0.0,0.0,,f,d,a,f,o,f,b,f,p
3.49,4.41,5.56,,,,a,,s,,p,f,e
3.75,,6.97,,e,g,a,,x,,c,x,e
11.41,4.74,20.51,,b,d,a,f,f,,f,x,e
,,16.33,,,d,,,s,,f,x,e
0.72,,0.77,,y,d,u,f,x,,f,x,p
3.28,8.27,4.19,,p,d,,f,x,,x,x,p
3.16,,7.43,,w,,a,f,s,,x,x,p
3.48,5.4,5.94,,,d,u,f,x,,f,x,p
,5.76,8.48,,w,l,a,f,f,s,b,p,e
,6.27,26.95,,w,d,s,f,f,,f,x,e
8.81,8.12,9.77,,p,d,u,f,,i,f,x,e
8.91,10.48,30.64,,p,,u,f,,,f,o,p
4.15,4.7,,,w,g,u,f,b,,f,x,e
0.62,2.74,,,g,d,u,f,,,s,o,e
,11.44,11.1,,,,s,e,f,s,p,x,e
3.88,4.72,6.55,,p,d,u,f,f,,f,f,e
,7.65,3.48,,p,l,,f,f,i,x,x,e
,,4.6,,w,m,w,f,x,,x,p,e
5.32,8.42,6.41,,w,d,a,f,f,k,p,x,e
,18.18,19.12,,w,,u,p,,y,b,o,p
4.87,6.54,12.87,,b,d,a,f,f,,,x,e
4.58,7.92,8.35,,n,,s,,x,,f,x,e
,9.95,14.99,,n,,,f,x,,b,c,p
6.97,8.25,7.15,k,k,d,a,z,x,i,s,b,p
,5.51,6.59,,k,d,a,f,f,,f,x,e
3.48,4.1,6.01,,,d,,f,f,,f,s,e
,5.01,12.81,,,d,u,f,s,,x,x,p
9.01,4.85,15.99,,w,d,u,f,f,,x,f,e
,,,,w,d,u,p,p,y,f,b,p
,5.25,,,y,d,a,f,,,f,x,e
,7.32,16.37,,u,d,a,f,x,,x,,p
7.59,5.67,17.48,,w,d,a,f,x,,o,x,p
6.39,5.5,12.8,,n,g,a,e,f,,s,f,e
,4.8,9.94,,,,a,f,f,,x,x,e
,12.43,13.25,,w,d,u,,c,s,x,f,e
1.63,4.96,2.58,,g,d,u,f,x,,x,x,e
11.31,5.1,21.93,,y,d,u,f,s,,p,s,e
,12.06,25.8,,g,,u,f,x,y,f,b,e
,9.65,15.85,w,w,,a,,f,,x,x,e
,7.18,17.29,,y,d,u,p,x,,,o,e
3.54,4.36,3.33,p,p,g,a,f,f,,s,s,p
11.47,6.4,22.3,,n,d,,f,s,,x,x,e
7.75,8.68,18.47,,u,d,a,f,,,c,s,p
,5.59,3.63,,g,,s,f,f,s,x,s,e
7.63,5.35,9.29,,y,d,a,f,s,,x,s,p
,6.71,6.15,,n,d,,r,x,s,s,x,e
6.45,7.88,12.47,,y,d,a,f,f,i,x,s,e
,9.43,15.73,,w,d,a,f,x,,s,p,e
5.67,,12.54,,y,g,,f,c,,x,x,p
8.05,13.93,,,k,d,a,f,b,,o,x,e
15.15,10.54,17.74,,g,,a,r,p,,x,f,e
4.71,,11.22,,,d,u,f,,,x,x,e
9.04,2.23,13.84,,w,,w,f,f,,o,x,e
4.82,5.13,18.4,,f,d,,f,o,,f,f,e
9.27,4.63,14.73,,w,d,u,f,x,,x,x,e
11.42,10.08,15.27,w,w,d,u,,f,,x,x,e
10.51,8.45,21.46,,u,l,w,f,s,,x,x,e
48.61,5.43,37.68,,,d,u,f,,k,x,f,e
7.12,6.67,5.83,,n,,,l,x,t,b,f,e
11.04,2.44,14.12,,,,,f,f,,b,f,e
1.3,4.54,2.49,,g,g,u,f,f,,,s,e
10.35,11.95,,,w,d,a,g,x,,x,s,p
,5.86,7.67,,r,l,,f,x,,x,x,p
2.72,0.0,0.0,,f,d,a,f,o,f,f,x,p
6.31,4.55,12.27,,n,g,,e,f,,f,f,e
7.51,5.57,13.63,,y,d,a,f,f,y,b,s,p
,,18.01,,p,,a,p,p,y,o,s,e
4.15,7.16,8.04,,f,d,,f,s,,b,f,p
,10.61,18.43,,g,,a,,p,,p,o,e
7.06,12.97,12.9,,,,a,,,s,s,x,e
,5.28,6.73,,r,d,a,f,x,,x,,e
7.65,3.37,7.81,,w,d,u,f,s,,s,,p
6.44,5.94,4.71,,n,,a,l,x,t,x,f,e
7.47,6.07,9.51,,w,d,a,f,s,,x,f,p
19.79,22.06,19.62,,w,m,u,m,f,,x,,e
3.14,,6.25,,r,d,u,f,x,,f,x,e
4.76,6.11,13.34,,,d,u,f,x,,s,x,e
6.76,5.82,12.18,,y,,,f,x,s,x,x,e
4.78,3.9,6.93,,g,d,a,f,x,,f,,p
,4.29,,,g,d,a,f,,,x,b,e
3.86,5.62,6.37,k,n,d,,f,f,s,x,x,e
,,8.49,,w,d,a,f,s,,x,x,p
4.54,6.84,6.09,,,d,w,,f,s,f,x,e
6.83,,17.83,,w,d,u,f,,,x,,p
8.98,,21.96,,n,d,w,,x,,x,f,e
,,5.69,k,k,d,a,f,f,s,x,x,e
8.84,,28.08,,w,,s,f,f,,s,x,e
3.82,7.59,9.33,,w,,a,,x,,x,s,e
3.28,4.88,4.54,n,e,d,a,f,x,,f,s,p
,,4.48,,w,d,,f,x,,s,x,e
,,12.88,,,g,u,e,p,,b,x,e
,7.15,8.27,,f,,a,f,s,,f,x,e
7.54,4.23,9.19,,p,d,w,f,f,,p,c,p
4.46,4.54,6.99,,w,d,u,f,,,x,s,e
3.1,,3.27,,w,g,a,,b,,s,f,e
,5.14,30.58,,f,p,a,f,o,g,f,x,p
14.1,11.6,17.23,,w,d,,g,x,,x,p,e
8.17,7.34,,,n,d,a,p,x,,f,x,e
,4.92,16.77,,o,d,u,f,,,p,f,e
4.72,4.88,7.87,,,d,a,f,f,,x,x,e
3.28,4.38,6.8,,o,,,f,x,,s,,e
,,,,w,h,u,f,,i,b,f,p
3.71,3.9,3.37,,n,d,a,e,f,,x,s,e
4.42,,12.54,,n,d,a,f,,,x,x,e
,,2.67,,w,g,a,f,s,h,f,f,p
,3.31,5.73,,,d,a,f,f,,x,s,p
,7.91,26.69,,w,,a,e,x,,p,x,e
,3.93,6.53,,g,,a,f,f,,b,x,e
4.3,5.86,8.76,,p,d,,z,x,,b,x,p
15.56,9.74,17.61,,w,d,u,,x,,,x,p
11.35,7.06,9.9,p,p,d,,f,x,,o,s,e
,,3.35,,y,d,,f,f,s,b,o,p
,4.26,3.45,,n,m,a,e,f,k,f,x,p
9.62,7.91,,,w,,a,f,x,,f,x,e
10.84,9.77,19.0,,y,,a,f,x,,f,f,e
,10.41,16.25,,w,d,a,g,f,,x,s,e
4.54,5.32,7.09,,o,m,,f,,,x,x,e
,5.37,2.61,,g,g,u,f,x,,x,x,e
,4.98,19.46,,b,d,,f,f,,b,s,e
5.91,,5.89,,n,d,u,,f,i,o,f,p
4.07,,7.76,,n,g,u,,x,,o,o,e
9.01,8.33,16.17,,y,d,a,f,x,,x,s,e
3.66,,,n,e,d,a,f,x,,x,x,p
4.79,3.49,9.43,,,g,a,,s,,,b,e
,6.89,7.29,k,,d,u,f,x,s,,s,e
,5.51,14.36,,y,,a,f,f,,f,b,p
3.02,0.0,0.0,,,d,s,f,o,f,f,b,p
7.55,,12.39,,y,d,a,f,f,t,,,e
2.97,9.3,2.62,,n,g,,f,,,f,,p
,3.45,6.37,,,g,w,f,x,,f,p,e
,5.71,0.98,,w,d,a,f,x,,f,f,e
4.43,5.7,3.18,,g,d,,f,b,s,x,f,e
,4.96,3.37,,n,d,a,f,x,,x,x,e
,4.99,4.85,,w,,,f,s,,f,x,p
4.13,7.8,9.41,,w,,s,,x,,f,x,e
7.73,8.11,33.48,,w,m,s,f,,,f,f,e
,0.0,0.0,n,w,d,u,f,o,f,,x,p
,6.44,10.03,,w,l,w,f,f,s,s,s,p
15.0,18.12,17.13,,w,d,w,g,x,y,,f,p
,6.75,2.6,,k,d,u,f,b,,o,x,e
,5.15,22.86,,b,d,a,f,f,,f,x,e
,4.59,14.51,,w,d,u,f,f,,,x,e
4.77,5.84,11.25,,n,d,u,f,x,,x,x,e
0.7,3.03,1.41,,,d,,,p,,f,s,e
,8.74,14.76,,y,d,u,f,c,,,x,p
,7.32,42.07,,y,d,s,f,o,k,,s,p
8.35,7.56,10.17,p,,,u,f,x,i,x,x,e
8.64,,9.79,,w,d,u,f,x,,,f,e
9.91,8.82,,,p,l,a,,x,y,f,x,e
13.86,6.31,35.5,,y,,a,f,f,k,x,s,p
15.95,9.68,17.14,,w,g,,,x,,x,x,e
12.06,8.59,27.57,,o,d,u,f,x,,x,f,p
0.62,3.39,2.27,,,g,a,f,b,,c,x,p
,,3.69,,w,g,u,r,x,y,,x,p
4.22,,6.63,,,d,u,f,x,,,x,e
7.68,,13.76,,p,d,u,l,x,,p,x,p
10.74,4.77,21.01,,b,d,a,f,f,,f,p,e
7.96,7.11,13.21,,w,,a,f,,,x,,e
3.03,7.24,4.12,,p,h,a,f,f,i,x,x,e
,7.84,18.69,,n,,,p,x,,f,s,p
,,12.91,,r,,a,f,x,,s,o,p
1.72,2.12,2.73,,,d,a,f,x,s,x,x,p
,3.06,1.34,,w,d,u,f,x,,s,s,e
,6.02,29.21,,f,,a,f,o,g,f,x,p
11.5,,23.21,,w,d,a,f,s,,x,x,e
,6.6,49.37,,y,d,a,f,x,,x,b,p
0.83,,,,w,l,,f,x,,f,x,p
,,2.71,,k,,u,f,,,x,,e
15.95,6.45,28.49,,,d,,f,f,,f,x,p
,7.09,17.01,,y,d,u,,x,,f,x,e
6.96,8.33,15.48,,y,d,a,f,x,,x,,e
,5.22,9.04,,w,d,,f,f,i,o,x,e
,0.0,0.0,,f,d,w,,o,f,s,x,p
12.59,13.42,19.87,,w,d,,g,x,,f,s,e
,,5.65,,n,d,,z,x,y,x,x,p
,5.31,24.53,,,,,f,s,,f,b,e
,4.82,,,o,m,,,x,,c,f,e
4.82,5.61,20.87,,f,d,s,f,c,,f,x,e
,,9.43,p,,,w,f,x,i,b,f,e
3.05,6.47,6.61,,f,d,a,f,s,,x,f,e
,5.19,22.36,,y,d,w,f,x,,f,x,e
5.09,4.71,12.91,,y,d,a,f,x,,o,o,e
,,9.93,,w,d,,f,x,,x,x,e
,,9.93,,w,m,a,f,f,i,x,x,e
2.2,2.65,5.21,,o,h,a,f,x,,x,f,p
,18.08,,,w,d,w,p,f,y,x,x,p
9.59,7.46,27.71,,w,d,s,,f,,p,f,e
,3.84,0.97,,,d,,f,x,s,x,x,p
,10.85,14.96,,w,,,g,f,,s,x,p
5.37,12.82,11.94,,w,,a,f,c,s,b,f,e
4.23,6.16,4.83,,e,,a,f,f,,f,x,p
,5.33,14.6,,w,d,,f,x,,,,e
2.78,5.32,2.35,,n,d,u,f,b,,,o,e
7.7,6.91,19.53,,p,d,a,f,f,,x,f,e
,7.06,25.64,,w,d,w,,f,,o,s,e
5.57,6.14,15.34,,,d,a,f,s,,x,x,p
,4.96,13.24,,f,d,a,f,f,,x,x,e
,4.14,1.12,,n,,s,f,x,s,s,x,p
,3.33,5.36,,w,g,a,f,x,,b,f,e
13.16,2.65,16.38,,y,d,w,f,f,,o,f,e
,6.36,11.26,,w,,u,f,f,i,f,p,e
7.52,7.35,34.99,,w,d,u,,f,,x,x,e
5.45,5.66,11.59,,b,m,,f,f,,x,s,e
6.28,,14.02,,y,d,u,f,x,,x,x,e
6.18,6.36,11.63,,y,h,u,f,x,s,f,f,e
,6.65,7.46,,n,d,u,f,c,,,,p
9.02,,19.41,,b,d,a,f,f,,x,s,e
9.29,3.46,20.44,,w,d,a,f,o,,x,o,e
15.74,5.02,28.73,,,d,a,f,f,k,s,o,p
3.45,3.72,4.29,n,e,d,a,f,x,,x,s,p
,7.32,7.37,,f,,a,f,s,,x,f,e
9.09,12.88,11.66,,y,d,a,,x,y,,b,p
5.18,5.24,30.21,,f,p,a,f,o,g,x,f,e
,4.72,9.07,,,d,a,f,b,s,f,x,e
21.68,5.8,36.51,,y,d,a,f,f,,x,c,p
,4.03,6.43,,y,d,u,f,s,,x,b,p
4.25,5.87,6.3,,o,d,w,,,t,f,b,p
,,29.9,,w,d,a,f,x,,f,,p
8.34,,19.67,,w,d,a,f,s,,x,x,p
1.49,,2.51,,,,u,f,f,,f,x,e
2.0,5.56,2.51,,,,s,e,p,t,x,f,p
10.02,6.2,,p,p,d,s,f,x,i,s,x,e
,,16.43,,o,d,a,f,,,c,x,e
10.42,8.16,30.56,,e,d,u,f,x,,c,,p
5.27,7.86,7.25,,n,g,u,z,,i,x,,p
6.92,5.42,6.97,,y,d,a,,b,i,s,f,p
7.42,3.15,24.25,,f,,s,f,o,g,x,,p
3.86,,,,w,d,u,f,f,,x,p,p
3.91,0.0,0.0,,,d,s,f,o,f,,,p
6.71,5.43,15.07,,w,d,,f,x,s,x,x,e
,5.99,7.98,,w,,a,f,s,s,x,p,e
8.43,7.33,9.64,p,p,d,a,f,x,i,,x,e
6.82,4.99,12.98,,p,g,u,e,x,,f,x,e
,7.25,9.75,,w,l,,f,x,,b,p,e
,,7.3,,g,,,f,b,s,s,s,p
9.93,,16.62,,w,d,,f,x,,b,x,e
,2.93,1.65,,w,l,u,f,x,,b,f,p
,6.74,14.78,,y,d,a,f,x,,o,o,p
2.92,3.59,6.59,,,m,a,f,f,,x,x,p
4.34,5.69,9.24,,w,l,a,f,f,s,o,s,e
3.61,6.34,7.87,,g,,u,e,,y,x,x,p
5.41,6.2,,,w,d,a,g,x,,x,x,e
,4.52,10.14,,,d,a,f,x,,x,c,e
,,18.7,,p,l,a,l,p,y,s,x,e
,4.67,,,u,d,w,f,x,,f,x,e
,6.63,12.27,,p,d,a,l,x,,f,f,e
3.4,5.04,16.69,,f,l,s,f,c,,c,x,e
4.06,4.4,3.15,,w,g,,f,,,x,x,e
5.11,,8.82,,y,,,,x,g,x,x,p
,4.32,12.25,,n,g,a,e,x,,x,x,e
,7.21,22.11,,y,d,u,f,,,x,f,e
5.01,4.38,,,n,d,u,r,x,s,s,x,e
,2.16,11.6,,w,d,w,f,f,,b,x,e
,5.05,9.97,,p,d,w,f,x,,x,x,p
4.13,5.69,10.78,,,d,,f,x,,x,p,e
,4.1,11.37,,f,d,u,f,f,,f,,e
1.97,,4.81,,w,d,,f,x,,p,x,e
,8.02,14.73,w,w,d,w,,f,i,f,x,p
,,11.58,,,m,,e,p,,f,f,e
,,11.69,,n,w,u,l,x,,f,,e
,22.47,18.85,,,m,a,m,,,p,x,e
,8.39,14.35,,n,d,u,l,x,,s,f,p
5.94,7.08,20.08,,y,d,a,f,f,,f,x,p
,5.16,2.13,,,d,,f,b,s,f,x,p
9.25,6.01,,,p,d,a,f,x,i,x,x,e
9.8,8.21,22.7,,g,g,w,f,x,,s,f,e
,,17.93,,w,,a,f,f,,f,x,e
7.88,6.48,20.78,,p,d,w,f,s,,x,s,p
,6.65,4.29,,n,d,,f,x,,x,x,e
8.97,5.1,16.17,,o,,u,f,s,,s,o,e
8.34,8.78,13.54,,,h,a,f,,s,f,x,e
7.22,13.34,13.4,,w,,a,f,x,s,,o,e
,7.64,17.22,,n,d,u,p,x,,x,b,e
,,8.41,,w,d,u,f,s,s,f,f,e
1.08,3.43,2.6,,,m,,f,b,,x,f,p
,5.12,12.97,,n,m,u,,x,,f,,e
,4.82,13.23,,,m,u,e,p,,x,x,e
,5.89,6.82,,n,,u,z,x,,,,p
7.69,11.77,6.97,,w,d,a,f,x,,b,,p
9.38,7.55,23.18,,w,d,u,f,x,,,,e
7.8,,13.34,,,d,a,f,p,,f,x,p
,5.63,2.99,,n,m,a,f,b,,s,x,p
6.05,,8.55,,p,d,a,f,x,,x,o,p
4.56,5.9,5.57,,y,d,a,f,f,,x,s,e
,6.26,17.03,,o,d,u,f,,,x,o,p
,8.3,9.42,,w,d,,,x,,,x,e
3.62,4.25,5.39,,p,d,a,f,,,p,x,e
,8.91,16.82,,,l,,l,x,y,x,f,e
,,11.16,,w,d,a,z,x,,f,f,p
9.53,,18.2,,p,l,,l,x,y,b,f,p
5.47,5.13,8.21,,w,l,,f,s,s,,x,e
,,,,n,d,a,f,c,,x,o,p
1.47,4.91,2.62,,g,d,,f,f,,x,x,e
,4.54,13.19,,p,,a,e,p,,x,o,e
7.76,6.49,18.17,,w,d,a,,f,,x,,p
8.94,7.95,14.31,,p,d,u,f,,,x,x,p
4.03,,2.62,p,p,g,u,f,,,x,p,p
4.68,,,,w,d,w,f,f,k,o,s,e
4.05,5.0,3.16,,,,u,,b,,x,f,e
4.99,,5.76,,o,d,a,f,s,,,x,p
12.14,5.69,24.4,,y,d,u,f,s,,x,x,e
3.77,4.99,3.13,,w,g,,f,b,,s,x,e
6.78,8.08,11.72,,n,d,a,f,f,i,x,c,e
,5.23,,,w,,a,f,s,,f,p,e
4.33,,5.19,,,d,a,f,b,i,x,x,p
3.13,6.76,3.28,,n,d,a,f,b,,,x,p
5.6,4.77,9.1,,,d,a,f,f,s,f,c,p
3.37,3.35,,,,d,s,,b,s,s,x,e
6.36,4.6,11.08,,w,g,,f,,,o,x,e
,8.21,9.32,,,g,s,,x,,f,o,p
,17.2,16.77,,w,d,,p,f,y,f,x,p
9.03,6.96,13.98,,,d,a,f,x,,x,x,e
9.18,,17.53,,o,,a,,s,,x,x,e
,5.16,1.63,,n,d,w,f,o,,b,x,p
1.01,2.75,1.52,,w,,u,f,x,,x,x,p
5.94,6.21,15.41,,f,d,u,f,f,,s,s,e
,6.66,12.83,,w,d,a,g,x,,f,b,e
,6.72,8.36,,f,d,a,f,s,,x,o,e
,,,,,d,a,f,,,,,e
9.22,8.19,14.1,w,w,d,a,,f,i,p,o,e
,,0.64,,y,,,f,x,,c,b,p
,5.58,11.81,,,d,u,f,,s,x,x,e
,,17.12,,,m,u,r,x,,,b,e
,6.28,2.57,,w,d,a,f,x,t,,x,e
6.32,,9.31,,p,,u,f,x,y,p,s,e
20.35,14.78,65.27,,,d,a,f,x,,o,,e
,4.49,11.39,,o,d,a,,s,,f,s,p
,4.94,2.36,,k,g,a,f,x,,,f,e
7.47,12.89,13.41,,w,,u,f,x,s,x,x,e
3.88,,5.94,,w,,a,f,f,,x,x,e
5.96,11.47,12.06,,w,d,a,f,x,s,x,x,e
,,2.41,,,,w,,x,,x,x,e
,,15.49,,w,d,a,f,f,,x,f,e
,7.85,27.87,,,d,w,e,x,,f,x,e
,8.86,,,n,m,u,r,x,,x,x,e
3.69,4.56,2.46,,w,g,u,f,,,x,x,e
,6.62,12.36,,w,d,a,f,p,,s,f,e
5.71,6.29,6.14,,w,d,s,r,x,s,,o,e
11.09,10.62,14.73,,,d,a,,x,i,x,f,e
,7.41,14.88,,y,d,a,,x,,f,f,p
,5.55,,,g,d,s,f,f,,o,s,p
,4.67,18.98,,b,d,a,f,f,,x,x,e
15.81,,25.09,,w,d,w,f,s,,x,f,e
12.32,18.41,11.86,,w,d,u,e,f,s,o,x,e
,7.66,19.99,,n,d,,f,x,,x,x,e
7.24,12.53,12.71,,w,d,a,,b,y,b,s,p
,3.61,14.28,,f,,u,f,o,g,x,x,p
7.39,6.33,16.08,,,d,,f,f,y,f,s,p
6.12,5.99,11.58,,,d,a,f,f,,s,f,p
2.53,3.97,9.51,,n,d,a,f,x,,o,b,e
1.38,5.43,1.83,,w,g,u,f,x,t,o,x,e
,,8.53,,f,d,a,f,s,,x,x,e
22.67,,34.93,,n,,u,,,y,s,x,e
,,13.63,,n,,u,e,f,,x,b,p
11.65,8.17,19.17,,,l,,f,s,,x,x,e
7.36,,8.59,,w,,u,f,s,,s,o,e
8.87,4.86,20.43,,b,d,,f,f,,f,o,e
1.03,5.9,1.07,,p,,a,f,c,,f,b,e
11.13,,,,e,,u,f,x,,x,x,p
4.45,5.63,4.23,,y,l,,f,f,i,f,f,p
3.82,3.89,,,y,,a,f,x,,s,,e
7.19,6.51,,,y,,a,f,x,i,c,c,p
2.71,2.75,6.28,,w,,a,f,s,,p,f,p
5.63,6.14,10.26,,n,d,a,f,f,,f,x,e
,6.91,23.86,,y,d,a,f,x,,x,x,e
5.78,,6.85,,,d,a,f,,,,b,p
,11.87,12.38,,w,d,a,f,x,,x,x,e
6.74,13.85,12.91,,w,d,u,,x,s,x,f,e
,4.25,9.1,,p,d,w,f,x,,b,f,p
,4.37,12.87,,,w,,r,f,,,f,e
9.54,5.33,17.28,,n,d,w,f,f,,f,s,e
,5.6,33.21,,y,d,u,f,f,k,x,s,p
,,1.36,,,d,w,f,b,,f,x,e
4.93,,5.94,,,d,w,r,x,s,f,b,e
7.73,13.03,12.03,,w,d,a,e,b,y,b,o,p
,6.7,7.33,,n,d,u,f,c,,,,p
,,,,y,d,,f,o,k,,f,e
4.77,,12.39,,n,w,a,r,x,,x,,e
7.63,,11.5,,,d,u,f,s,,f,b,e
,,15.28,,,,,g,x,,x,s,e
3.55,4.77,3.75,,w,g,a,f,b,,x,x,p
4.02,4.44,7.14,,y,d,u,f,f,,x,b,e
,4.77,9.4,,y,d,u,f,x,,x,x,e
7.28,8.65,,,n,d,a,f,f,t,x,p,p
8.24,5.71,12.61,,y,d,u,f,x,,x,p,e
6.42,6.06,11.45,,,d,w,f,x,,b,f,p
,,11.81,,y,d,a,f,x,i,x,x,p
8.59,12.82,,n,o,d,a,r,x,,f,f,p
11.36,6.69,20.68,,n,d,a,f,x,,,x,e
,6.92,2.56,,w,g,a,f,x,t,o,f,e
3.97,6.16,7.89,,,d,a,f,f,t,x,x,e
,9.9,,,y,d,a,f,x,,s,s,e
4.4,6.59,6.07,,f,,a,f,s,,b,,e
,8.08,15.43,,,d,a,p,x,y,f,x,p
6.38,16.3,,,p,g,a,e,f,s,,f,e
9.17,10.43,14.7,,n,d,a,f,x,,f,b,p
6.58,4.98,12.45,,y,d,,,x,,x,x,e
10.68,7.56,14.16,,p,d,u,f,s,,f,x,p
7.14,5.13,15.26,,f,,u,f,f,,p,f,e
8.2,6.42,13.65,,w,d,u,g,x,,f,x,p
,7.09,9.69,p,p,d,u,f,x,i,f,x,e
,21.03,20.26,,w,,,m,p,,x,f,e
,10.71,31.73,,p,d,a,,x,,,,p
,4.68,3.48,,w,g,,r,x,y,p,,p
1.31,3.05,5.2,,f,d,a,f,s,,x,f,p
5.38,,12.38,,r,,a,f,,,f,s,p
4.57,5.18,10.84,,,,a,,x,,x,s,e
,5.46,11.74,,,d,a,,f,i,b,,e
7.87,6.26,12.34,,y,d,a,f,x,,,b,e
6.25,3.36,7.99,,,,u,f,b,s,x,x,e
,3.86,11.04,,k,,,e,x,,x,x,e
5.16,4.59,7.55,,y,,,f,s,,,,p
,4.54,,,y,d,a,f,f,i,f,b,e
8.84,10.87,16.99,,w,,a,g,x,,x,f,e
4.29,5.17,3.47,,w,g,,f,b,,x,b,e
3.24,4.34,2.62,,w,g,u,f,b,,x,s,p
9.11,6.71,19.36,,u,d,,f,f,,x,x,e
,4.55,2.7,p,w,g,a,f,x,,s,x,p
10.76,,17.32,,g,,a,l,p,,s,x,e
13.4,11.18,16.97,,w,d,a,g,,,x,f,p
,,,,w,d,u,f,s,s,,b,e
3.64,4.21,3.19,,w,,a,f,,,p,s,e
11.05,9.74,19.26,,n,d,u,p,x,,x,x,e
,,4.5,,g,d,a,f,b,s,x,,e
3.27,,0.0,,,d,u,f,o,f,x,x,p
,6.02,5.06,,,d,s,f,x,k,x,,e
8.05,7.12,15.14,,y,d,u,,x,,s,f,e
3.24,6.4,6.97,,f,d,,,,,x,,e
12.69,,25.72,,y,,a,f,s,,s,s,e
,3.86,2.73,p,p,g,a,f,f,,x,x,p
8.0,9.31,12.7,,n,d,a,f,,t,x,x,e
3.25,3.65,2.89,,y,d,u,f,f,i,x,o,p
1.31,3.5,1.37,,n,g,,f,,t,,x,p
,5.23,,,g,d,u,f,c,,o,x,e
,6.47,51.25,,y,d,a,f,f,,x,b,p
3.84,,,,n,d,u,f,x,s,x,x,e
6.83,,8.63,,,,a,f,s,,,,p
,2.77,1.43,,g,d,w,f,,,f,x,e
,5.07,16.36,,o,d,u,f,s,,o,x,e
4.42,7.62,8.73,,n,g,s,,x,,,f,e
,4.61,,,g,,u,f,,,f,c,e
4.54,6.66,4.54,,w,,s,f,f,s,f,x,p
,9.62,21.92,,b,d,w,f,s,,x,f,e
15.65,9.64,25.88,,w,d,a,f,x,,b,x,e
6.97,5.44,9.63,,,d,a,f,f,s,c,c,e
6.19,4.59,14.27,,y,d,u,f,,,f,f,e
5.19,3.61,13.31,,w,d,,f,x,,s,s,p
,9.63,31.86,,y,d,a,f,,,o,,p
,,21.09,,w,d,,f,x,,p,p,e
8.28,12.24,20.37,,w,d,u,g,x,,x,s,e
3.95,6.06,30.86,,f,p,a,f,o,g,f,p,p
,5.95,25.58,,p,d,a,f,,,b,f,e
,8.01,3.92,,p,l,a,f,f,,f,x,p
4.71,5.74,20.02,,f,d,s,f,c,,x,,e
7.88,8.55,9.6,,,d,a,f,f,,x,x,p
2.45,,0.0,n,w,d,u,f,o,f,x,f,p
,7.35,33.23,,w,d,u,f,x,,x,o,e
1.48,4.6,2.28,,k,g,w,f,x,,f,f,e
3.88,6.87,4.7,,w,,a,f,,s,x,x,p
5.77,5.06,11.66,,p,d,u,f,c,,o,f,e
,5.61,17.84,,,d,u,f,x,,f,p,e
,6.29,37.19,g,f,d,,f,o,,x,f,e
4.42,5.25,5.61,,p,d,a,f,s,,f,x,p
,,5.68,,,d,u,f,s,,x,f,e
,2.78,3.37,,n,d,a,f,f,i,x,f,p
5.47,,12.79,,w,d,u,l,x,,,s,p
5.17,9.76,12.46,,w,g,s,z,b,s,b,x,e
6.35,,8.09,,w,h,u,f,s,s,x,f,e
7.91,10.85,13.87,,w,d,a,g,f,,f,x,p
3.94,5.5,10.64,,e,d,a,f,x,,x,b,e
5.65,6.14,13.16,,y,d,u,,x,,s,x,e
3.06,0.0,0.0,,,,s,f,o,f,b,x,p
3.21,,6.58,,y,,a,f,b,t,f,x,p
7.28,,18.54,,f,l,s,f,c,,f,x,e
2.99,,0.0,,f,d,s,f,o,f,x,x,p
,3.4,8.48,,p,d,a,f,s,,f,x,p
,,21.19,,w,m,s,f,f,,c,f,e
,4.43,2.68,,w,g,,f,x,h,,x,p
,,3.47,,w,p,u,f,c,i,x,x,p
2.66,,3.56,,n,d,a,f,c,i,x,c,p
3.0,5.7,2.3,,k,d,,f,b,,x,f,e
4.2,7.13,5.38,,,d,a,f,f,,s,x,p
4.18,,4.88,,,m,u,f,b,i,,x,p
,9.76,13.37,,y,,a,f,f,t,f,b,e
15.18,5.54,26.43,,b,d,,f,s,,x,,e
6.62,5.29,5.9,,n,d,u,r,x,s,s,x,e
8.05,,13.8,,y,d,a,f,f,,x,x,p
,,,,w,d,,f,x,,o,x,e
,7.7,,,w,d,a,f,x,,x,b,e
2.87,3.75,2.45,,w,g,u,f,s,h,p,x,p
,,3.14,,k,d,a,f,b,,x,x,e
10.52,8.34,16.09,,p,l,a,p,p,y,o,x,e
8.81,5.74,16.7,,o,,u,f,s,,f,x,e
10.97,5.56,13.33,,n,,u,f,s,,x,f,p
,5.88,12.09,,w,,a,g,x,,,s,e
,,17.68,w,w,d,a,,f,i,s,f,e
9.6,7.33,,,y,d,u,f,x,,x,s,e
7.55,4.58,,,w,d,a,f,s,t,x,x,e
10.12,15.9,11.27,,w,d,a,e,f,s,s,x,p
3.02,6.65,7.9,,,d,a,f,s,,f,c,e
11.8,,19.54,,u,l,,f,s,,f,,p
,1.55,16.73,,y,,w,f,o,,b,p,p
12.89,9.0,21.2,,u,d,a,f,f,,x,,e
,6.52,3.21,,p,h,u,f,s,i,x,s,p
2.71,8.75,2.66,,g,,,e,p,t,f,x,p
,9.42,16.68,,w,g,u,,x,,x,x,e
,2.41,2.76,,,h,a,f,x,s,f,b,p
9.06,8.1,18.63,,u,d,a,f,x,,f,s,p
6.52,7.79,12.92,,g,d,a,l,x,,o,s,p
,4.9,,,y,l,u,f,f,i,x,x,p
,,9.02,,w,d,a,f,x,i,o,x,e
5.05,4.53,6.58,,,,a,z,x,y,s,f,p
,4.77,7.42,,,d,a,f,f,,x,f,e
3.66,3.25,6.17,,w,m,,f,x,,b,s,e
4.13,3.29,6.07,,y,h,a,f,s,,o,s,p
6.9,5.65,9.58,,w,g,u,f,f,i,x,x,e
5.02,4.93,5.8,,,d,s,r,x,y,x,f,e
7.0,8.3,14.88,,g,g,u,l,x,,x,c,p
7.22,5.4,14.46,,y,d,a,f,f,,f,x,p
5.06,5.58,11.89,,w,,u,g,x,,x,x,e
3.57,5.01,5.54,,g,d,a,f,s,s,x,x,p
10.38,,17.45,,y,,w,f,f,,f,b,e
4.06,5.87,7.7,,o,d,,f,f,t,x,s,e
,7.32,23.61,,n,d,u,f,s,,x,o,e
3.96,6.41,3.89,,w,d,a,f,f,,x,b,e
,5.62,2.27,,g,,u,f,b,s,f,x,p
,8.78,16.86,,p,d,,p,p,y,f,p,e
,6.31,7.97,,f,d,a,f,,,x,,e
3.88,6.49,4.06,,p,d,a,f,b,i,f,x,p
14.95,7.34,21.98,w,k,,w,f,f,,p,c,e
10.49,,23.79,,w,l,,f,,,x,s,e
,6.52,22.7,,y,d,a,,x,,s,f,e
11.18,,27.49,,e,d,a,f,x,,s,s,p
2.41,4.03,3.65,,w,p,u,f,c,i,x,s,p
8.92,6.42,16.21,,n,d,a,p,x,,b,x,e
2.37,7.62,2.71,,g,,s,e,p,t,c,x,p
,,18.71,,k,d,a,f,b,,x,c,p
,6.68,6.71,,,d,a,z,x,i,x,s,p
4.42,7.93,9.5,,n,d,s,,x,,,b,e
5.88,4.77,8.22,,g,d,a,f,f,,f,,p
,3.33,0.71,,y,d,,f,x,,x,x,p
6.68,7.47,9.58,,n,d,,z,x,,b,b,p
3.9,5.46,6.73,,o,d,,f,x,t,,x,e
17.45,,20.88,,w,d,a,m,p,,c,x,e
,4.21,4.86,,w,d,,r,x,y,x,f,e
9.22,,15.24,,w,d,a,g,f,,c,o,e
,4.86,9.04,,p,d,w,f,x,,x,f,p
,6.42,46.28,g,f,d,,f,s,,o,x,e
,11.46,17.71,,,d,u,g,x,,x,s,e
8.69,8.03,22.16,,w,d,,f,f,s,f,x,e
,16.93,,,n,d,u,f,x,y,x,s,e
,5.41,3.45,,,d,w,f,f,s,f,f,e
,6.91,22.91,,y,d,w,f,s,,,f,e
7.36,,,,y,d,a,f,x,i,o,,p
9.64,,,,,l,a,l,x,y,f,x,p
4.27,0.0,,n,w,d,a,f,o,f,o,s,p
7.65,7.3,13.62,,y,d,,f,x,,,f,e
6.49,3.0,18.9,,w,d,u,f,s,,x,x,e
,10.39,28.66,,w,d,w,,x,,s,x,e
1.21,3.74,,,,d,s,f,b,,o,x,e
,7.02,20.14,,g,,w,f,x,,s,x,e
,6.98,6.49,,,d,w,l,,t,o,f,e
,5.96,7.48,,f,d,a,f,s,,s,s,e
2.58,2.9,5.05,,w,m,,f,,,x,x,e
,7.53,16.66,,,d,,f,x,s,x,f,p
1.84,,2.93,,,,,f,b,,x,,p
7.69,,12.88,,,d,a,g,x,,s,f,e
,6.4,22.46,,f,d,s,f,o,,s,o,e
4.03,7.02,57.01,,f,,,f,o,,c,b,e
,,11.22,,,d,w,f,f,,b,b,e
12.2,4.74,13.21,,n,d,a,f,x,,s,f,p
7.66,5.62,23.18,,w,d,w,e,x,,x,f,e
7.64,5.55,12.51,,o,,a,f,x,,f,b,e
5.96,,12.23,,g,d,,f,x,,x,,p
,,6.9,,r,l,u,f,x,,x,b,e
0.93,,0.95,,g,,a,f,p,,,,e
,8.94,26.51,,w,d,w,f,x,,x,x,e
5.28,0.0,0.0,,f,d,s,f,o,f,b,,p
,24.08,20.06,,w,d,a,m,f,,x,f,e
5.25,4.57,10.29,,g,d,a,f,b,s,x,p,p
1.01,3.18,1.7,,,,w,f,p,,b,b,e
0.66,4.05,0.97,,p,d,u,f,x,h,s,x,p
8.38,,18.34,,w,d,,f,f,s,x,x,e
7.41,10.94,25.18,,,d,a,f,x,y,x,x,p
,2.27,,,y,,w,f,f,,x,p,p
7.87,4.69,21.14,,w,d,,f,o,,x,x,e
4.91,4.28,8.32,,y,,u,f,f,,p,x,e
3.86,5.06,10.44,,n,d,a,f,x,,x,b,e
,4.82,2.48,,,g,u,f,f,,x,f,e
12.66,11.35,24.22,,y,d,a,f,x,,x,s,e
,,16.81,,n,,a,r,f,,p,f,e
3.95,4.48,13.7,,w,,,f,x,i,f,x,p
,,6.13,,y,d,,,x,i,x,c,p
,,,,y,,a,f,s,,,x,p
10.15,7.89,24.37,,n,d,a,f,x,,s,c,p
11.76,8.28,25.36,,,d,,f,x,,x,f,p
,4.77,,,b,,a,f,f,,f,x,e
1.09,3.01,1.5,,,d,a,f,b,,f,x,p
5.26,5.06,33.9,g,,l,,,o,,,f,e
8.25,4.31,21.6,,w,d,,f,s,,x,f,e
3.56,3.33,5.78,,w,g,,f,f,,x,f,e
3.48,,16.05,,,d,u,f,o,g,o,x,p
13.72,9.85,25.44,,,d,w,f,f,,x,c,e
3.05,4.05,2.35,,,d,,f,f,s,s,x,e
6.57,,11.84,,w,d,a,f,c,s,x,b,e
4.18,3.78,6.65,,w,g,,f,x,,x,f,e
6.67,7.56,15.2,,y,d,u,,x,,x,x,e
,,15.46,,y,d,u,,x,,s,f,e
13.98,5.37,28.53,,y,d,a,f,f,k,x,c,p
,9.95,17.34,w,w,d,,,f,i,s,f,e
5.57,,4.37,,,d,,l,x,t,s,x,e
2.15,6.79,4.53,,u,d,u,f,x,,,x,e
6.14,7.13,10.05,,w,l,w,f,,s,b,x,e
,4.62,1.33,,w,l,a,f,c,,p,x,e
7.14,6.16,18.09,,w,d,u,f,f,s,x,f,e
8.18,4.5,12.54,,,w,,l,f,,o,x,e
4.51,7.28,,,r,l,a,f,x,,s,,e
,,3.33,,n,d,a,f,b,,x,x,e
3.66,4.65,6.09,,r,d,u,f,x,,b,x,e
4.48,5.19,5.28,,,d,a,r,x,y,f,f,e
9.29,,19.8,,u,l,a,f,s,,s,b,e
,1.62,17.05,,y,d,,f,o,,x,x,p
2.67,2.38,10.73,,f,,,f,x,,b,f,e
3.36,4.39,6.54,,e,g,u,f,x,,f,x,e
3.55,0.0,0.0,,f,d,,f,o,f,s,x,p
,,5.95,,w,m,w,f,f,,x,x,e
,3.42,0.83,,y,d,,f,x,,x,f,p
4.97,,7.88,,w,d,,,s,s,x,,e
,3.44,0.63,,,d,u,,x,,f,f,p
4.83,3.86,12.31,,w,,a,f,f,,p,x,e
,10.12,6.93,,w,d,a,f,x,s,x,x,e
6.53,6.4,12.68,,,d,a,g,x,,f,,e
3.31,4.43,9.66,,,,a,f,x,,f,,e
,16.22,,,,d,a,f,p,y,x,x,e
10.1,10.24,15.1,,w,d,,g,f,,s,b,e
9.65,,21.18,,o,d,u,r,x,,b,x,p
9.36,,16.9,,p,l,a,p,x,y,x,f,e
7.29,5.66,7.75,,n,d,a,f,x,y,c,x,p
3.04,,,,p,d,u,f,f,,s,,p
2.49,,14.21,,f,d,a,f,o,g,,c,p
,2.67,5.18,,y,,a,f,f,,x,x,p
3.57,4.78,11.76,,,d,u,,x,,x,x,e
4.52,6.67,10.98,,p,,u,z,x,,x,,p
8.39,8.34,,,y,d,a,f,x,,x,x,e
,3.89,1.05,,o,g,a,f,x,,x,f,p
2.37,7.91,2.59,,n,,u,e,p,t,f,x,p
,5.44,6.87,,n,,a,f,x,,x,x,p
12.34,7.19,27.09,,,d,w,f,f,,x,f,e
,10.11,11.86,,w,d,s,z,p,s,o,f,p
9.34,6.21,16.98,,y,d,u,p,x,,b,f,e
6.92,11.16,23.32,,,d,,f,x,y,x,b,e
,5.33,2.75,k,n,,,f,x,s,s,x,p
6.8,9.81,21.95,,g,d,,f,x,y,o,x,e
,5.47,2.66,,g,d,s,f,f,,c,f,p
,9.62,16.86,,w,d,u,,x,,f,f,e
5.24,0.0,0.0,,,d,a,,o,f,o,x,p
6.61,4.37,12.88,,p,m,a,e,f,,x,f,e
,9.21,18.12,,,l,a,p,p,y,x,x,p
,,4.31,,w,d,u,f,f,,p,s,e
3.33,,4.82,,,d,u,f,b,s,x,,p
,5.83,6.97,,f,d,a,f,s,,x,x,e
4.49,3.67,8.99,,y,d,a,f,x,,b,c,e
,4.28,5.18,,r,d,a,f,b,t,x,,p
10.77,9.12,17.94,,p,d,,l,,y,,p,p
4.88,,5.85,,y,d,u,,x,i,f,f,p
4.56,6.39,7.04,,n,d,a,f,c,,o,x,p
9.29,,,,,d,w,f,x,,x,x,e
15.59,10.32,18.17,,w,d,,,x,,b,,e
6.93,11.04,16.76,,w,d,a,g,x,,f,s,e
,6.8,,,w,d,a,f,s,,,x,p
13.77,6.45,27.47,,p,d,,f,s,,o,x,e
8.51,7.01,29.72,,w,d,s,f,x,,,s,e
,6.15,7.12,,,d,a,f,,,f,x,e
8.41,16.79,18.91,,k,d,a,f,,,,x,p
9.98,8.53,15.87,,p,d,u,,s,,b,x,p
6.66,7.31,16.11,,p,d,u,f,x,i,s,f,p
9.69,6.45,30.86,,,m,u,f,f,,s,x,e
8.62,4.7,13.84,,p,w,a,l,f,,f,f,e
6.01,4.85,13.79,,f,,u,f,x,,x,,e
4.96,,6.86,,w,,a,f,x,,s,s,e
,5.96,24.32,,,d,u,f,s,,x,o,e
,7.62,16.97,,,d,a,p,x,,s,x,e
4.07,,5.62,,u,l,u,f,f,s,x,x,e
5.74,5.09,5.41,,,d,u,r,x,y,x,,e
1.58,,2.21,,w,g,,f,,t,f,,e
,0.0,0.0,,f,,s,f,o,f,f,s,p
,0.0,0.0,n,w,d,,f,o,f,f,s,p
,6.93,,,w,d,s,f,x,,b,c,e
6.32,5.8,12.4,,o,,,f,x,,o,x,e
,4.33,12.14,,,,u,,s,,p,p,p
8.77,,14.55,,p,d,a,f,s,,b,,p
,5.78,19.64,,,d,a,f,x,s,f,b,e
6.53,8.1,10.02,,,d,a,z,x,,o,,e
,,27.46,n,o,d,,r,x,,o,x,p
4.04,4.1,6.2,,p,d,u,f,f,,x,b,p
,9.94,23.7,,,d,a,f,x,,x,x,e
10.55,9.05,18.2,,p,d,a,l,p,y,x,x,e
6.98,4.95,,,n,g,a,e,,,f,o,e
2.84,2.97,10.56,,,,,f,x,,x,x,p
8.69,,17.29,,n,d,u,p,x,,f,o,e
,5.14,5.38,,w,d,a,f,s,,b,o,p
6.55,,,,p,w,a,r,f,,,o,e
1.56,6.34,4.71,,u,d,u,f,x,,x,x,e
,8.51,16.45,,,l,a,p,x,y,x,s,e
1.55,6.94,2.2,,,,u,f,x,,x,x,e
,4.97,3.75,,p,,a,f,,i,s,b,p
,7.65,23.58,,w,d,a,e,f,,x,s,e
10.05,13.01,,w,w,d,u,f,p,,x,x,p
,9.69,,,w,,,f,f,,p,b,p
,,1.48,,g,d,w,f,b,,f,x,e
4.25,,4.64,,y,d,w,f,f,s,x,b,p
5.58,5.4,,,w,g,u,f,f,i,s,f,e
,,14.29,,y,d,,f,x,,x,s,e
7.81,5.83,15.37,,w,,a,,s,,x,x,e
7.96,7.21,12.44,,r,d,a,f,x,,x,p,e
,4.93,,,w,,a,f,b,,,f,e
8.58,6.31,9.58,,w,d,s,f,x,,x,x,e
4.14,4.32,6.4,,,g,u,f,x,,x,,e
,5.67,9.95,,y,l,a,f,f,,x,x,p
,2.55,6.76,,,g,a,f,x,,f,b,p
5.64,5.42,8.98,,y,d,u,f,x,,x,x,e
3.17,3.94,,,w,g,,f,f,,b,x,e
11.18,3.62,25.16,,f,d,s,f,o,g,f,s,p
5.79,4.16,11.53,,,w,a,l,x,,x,x,e
,5.54,8.94,,n,d,a,z,x,,p,x,p
,3.82,19.23,,,d,,f,c,,x,b,e
,,9.48,,n,d,a,,x,,f,c,e
10.37,4.47,12.0,,o,d,a,f,s,,o,f,p
,,14.01,,y,d,u,,x,,b,f,e
1.39,4.66,1.53,,,,a,f,c,,x,o,e
6.58,5.76,11.08,,,d,u,f,x,y,s,f,e
,9.34,23.24,,y,d,a,f,x,,p,x,e
4.72,3.74,11.76,,f,d,a,f,f,,x,x,e
,4.74,9.0,,g,,a,f,f,,,f,e
9.16,7.02,21.32,,g,,w,f,x,,f,x,e
8.46,3.61,9.56,,,,a,f,x,,f,x,e
8.98,4.27,18.22,,,d,a,f,f,,,f,e
6.27,,4.35,,n,d,w,,,,f,x,e
,6.55,2.92,,n,m,a,f,b,,x,c,p
4.9,,62.04,g,f,,u,f,,,x,x,e
2.99,5.82,4.47,,u,d,u,f,x,,x,b,p
,,2.65,,g,g,a,f,b,,x,s,p
,5.03,,,p,g,,f,f,,f,b,e
8.8,10.9,17.32,,w,d,u,g,f,,x,s,e
,10.33,6.53,,n,g,w,,b,,b,x,p
,3.37,7.89,,,d,a,f,s,,x,x,e
8.71,6.3,10.74,,w,l,a,f,f,i,p,f,e
7.03,4.41,12.66,,,,a,f,s,t,f,x,p
,,14.06,,r,d,u,f,x,,b,p,e
3.31,0.0,0.0,,f,d,w,f,o,,s,f,p
,3.66,7.29,,o,h,u,f,s,,s,,p
4.09,7.04,4.14,,u,d,u,f,x,,,b,e
0.79,3.55,0.82,,y,d,u,f,x,,f,x,p
8.18,,17.74,,,,u,f,x,,x,o,e
3.54,4.26,2.6,,,,u,f,s,h,,x,p
,17.82,9.21,,w,d,u,f,x,g,x,f,p
11.11,10.37,16.17,w,w,d,u,,,i,x,s,e
1.8,,2.73,,k,g,w,,f,,,x,e
,6.81,7.86,,f,d,a,f,s,,f,s,e
3.7,4.95,6.82,,p,d,a,f,s,,c,s,e
,8.39,11.31,,y,d,a,f,f,i,x,,e
1.07,6.41,2.5,,n,g,,f,c,,b,s,e
4.96,4.13,5.89,,,d,u,f,f,k,x,f,p
3.78,5.76,7.22,,o,d,w,f,x,t,,o,e
5.29,,7.33,,w,,a,f,x,,x,f,p
4.31,4.74,10.4,,n,d,a,f,x,,x,f,e
5.6,6.65,13.04,,,d,u,f,c,,x,o,p
,6.16,7.23,,o,d,w,,f,t,f,b,e
18.84,20.27,83.37,,y,d,a,f,p,,p,b,e
2.5,2.82,5.56,,,,a,f,,,x,x,e
,4.91,2.39,,k,g,a,f,f,,x,s,e
4.37,7.79,6.48,,y,d,w,,f,k,f,x,e
,7.02,2.47,,w,d,a,f,x,,s,x,e
,4.94,6.11,,y,m,a,f,b,t,b,b,p
2.24,4.58,3.16,,w,g,u,f,b,,x,o,e
,5.68,6.07,k,r,d,,z,x,,c,s,p
5.4,3.94,12.48,,r,d,a,f,x,,f,s,p
,4.97,2.57,,n,g,a,f,x,s,f,x,p
7.34,4.41,16.31,,w,,a,f,x,,x,x,e
,7.55,18.75,,o,d,a,f,s,,x,s,p
5.65,5.87,12.65,,o,d,a,f,s,,x,b,e
1.65,4.63,1.61,,n,,a,f,b,t,x,b,p
,8.08,10.79,,w,l,a,f,x,s,s,x,e
3.66,5.22,26.74,,f,,a,f,o,g,x,x,p
5.55,4.78,9.82,,g,d,a,f,b,s,x,,e
4.28,5.83,6.82,,r,,a,f,x,,x,p,e
,7.57,17.52,,n,,a,p,x,,x,,e
3.96,5.66,7.18,,o,,a,f,f,t,x,f,e
,6.61,3.68,,p,h,u,f,s,,x,f,e
,5.3,0.98,,p,,a,,c,,x,x,e
,4.51,11.81,,n,g,u,,p,,x,x,e
9.09,16.13,18.5,,k,d,a,f,b,,x,f,p
8.78,19.07,12.83,,p,g,s,e,f,s,f,,e
,4.89,2.59,,k,d,s,f,f,,x,f,e
,2.21,21.74,,f,d,u,f,o,g,x,x,p
,5.75,17.73,,o,d,a,f,s,,f,x,e
,6.12,15.29,,r,d,a,f,x,i,b,x,p
7.38,,10.79,,w,d,u,f,x,i,p,x,e
1.16,4.37,1.4,,n,g,,f,b,t,x,x,p
4.23,,8.61,,y,d,u,f,x,,x,f,e
,4.87,2.28,,k,d,w,f,x,,x,,e
9.5,7.17,29.03,,w,d,,f,f,,f,x,e
7.46,8.43,9.82,,n,d,a,,x,y,x,x,p
,6.44,4.13,,g,d,a,f,f,,x,s,p
,,31.51,,w,,u,,x,,c,f,p
4.33,,7.85,,o,d,a,f,f,t,b,x,e
,6.92,14.04,,y,,u,f,x,,x,,e
,3.3,6.24,,n,d,u,f,f,,x,c,p
10.5,,,p,,d,u,f,p,,x,f,p
4.97,8.53,11.1,,n,d,a,,x,,f,f,e
,,11.97,,r,d,a,f,x,,,s,p
,4.75,3.24,,w,,a,f,b,,b,,e
5.25,5.42,10.14,,w,d,u,f,f,,f,x,e
,3.96,6.38,,o,,w,,x,,,x,p
16.68,25.61,19.61,,,m,a,m,p,,s,x,e
19.08,6.74,37.56,,,d,u,f,f,k,x,x,p
6.05,,13.19,,p,w,a,r,x,,x,x,e
17.19,11.82,18.37,,w,g,u,,x,,x,x,e
10.24,9.79,18.03,,,l,a,l,x,y,b,p,e
3.21,5.64,34.12,,f,p,u,f,o,g,s,x,p
,5.91,12.32,,w,d,a,g,x,,x,,e
,,1.53,,g,d,w,f,,,x,,e
3.24,6.25,6.97,,f,d,a,f,s,,x,x,e
,,,,w,d,a,f,x,y,x,x,e
,7.17,20.07,,,d,a,f,f,y,f,x,p
,8.61,10.07,,n,d,u,,x,,x,f,e
,,18.76,,p,d,u,f,x,i,b,p,p
8.58,5.8,20.53,,p,g,w,f,x,,x,f,e
6.89,5.71,9.38,,w,,a,,f,i,f,x,p
10.87,7.31,,,w,d,a,f,,,f,x,e
,5.58,4.83,,n,d,a,l,x,t,x,x,e
,7.45,10.24,,w,g,a,l,x,,x,o,p
4.42,3.43,9.19,,,d,a,f,,,b,f,e
8.36,,14.17,,p,m,u,e,p,,x,x,e
9.3,7.73,15.07,,,d,a,,,,x,c,e
8.74,8.11,9.67,p,w,d,w,f,x,,x,,e
9.2,21.54,13.04,,p,u,w,,p,s,f,f,e
7.46,2.16,12.23,,y,d,w,f,,,c,x,p
8.22,9.17,14.95,,y,d,a,f,x,,p,b,p
12.79,9.89,23.97,,y,d,a,f,x,,x,x,e
7.95,11.21,17.41,,w,d,u,g,x,,x,x,e
,4.25,,,p,d,a,f,s,,x,f,e
,5.83,17.3,,p,g,w,f,x,,o,b,e
3.88,3.78,6.43,,w,m,,f,x,,x,s,p
7.67,13.22,13.45,,w,d,a,l,b,y,x,f,p
,3.91,0.95,w,o,g,a,f,f,,b,o,p
7.99,3.77,11.93,,,d,,f,,,f,x,e
6.1,11.31,11.38,,w,d,a,f,c,s,,s,e
,5.57,,,,h,,,x,,f,f,e
16.54,10.79,18.5,,w,g,,,,,x,s,e
,1.19,,,y,d,a,f,o,,f,c,p
,5.98,35.24,,y,,a,f,s,k,f,x,p
3.42,7.15,3.19,,,d,a,f,b,,p,f,e
7.36,6.78,13.53,,,m,w,f,s,,x,,e
,4.66,13.73,,,d,a,f,x,y,x,x,p
,6.13,3.64,,,g,u,r,x,y,s,x,p
12.2,9.06,25.56,,w,l,w,f,f,,x,x,e
3.24,4.15,3.23,,w,g,u,r,x,y,p,,p
,,10.33,,g,d,a,f,,s,b,x,e
,7.72,17.54,,w,d,a,f,x,,f,f,e
,2.94,1.45,,g,d,w,f,p,,o,x,e
10.24,8.33,28.08,,e,,a,f,x,,b,b,p
6.62,5.93,11.51,,n,d,u,f,f,,,c,p
2.94,,5.58,,w,g,,f,x,,f,x,e
,24.09,18.73,,w,d,a,m,p,,f,f,e
8.08,8.32,12.29,,,,,f,f,i,p,x,p
,,14.98,,,d,a,f,,,p,f,e
10.63,10.34,31.55,p,w,,u,f,p,,x,p,p
12.89,,18.53,,n,m,a,r,x,,s,p,e
5.18,2.56,12.73,,,d,a,f,f,,o,b,e
7.67,5.2,17.2,,p,,,f,s,,,x,e
,4.71,3.53,,w,m,a,e,f,,x,x,p
,5.28,2.7,k,,,u,f,x,s,x,s,p
6.02,6.26,4.38,,n,,w,l,x,t,x,x,e
,9.35,31.36,,o,d,a,f,x,,x,x,p
,,2.66,,w,d,a,f,x,t,f,f,e
15.71,,26.19,,w,l,a,f,x,,x,f,e
6.01,4.87,13.15,,n,w,u,l,x,,c,p,e
7.76,22.0,,,p,u,,e,p,s,s,f,e
9.16,8.39,11.14,,p,d,u,f,x,i,x,,e
,5.46,5.87,,o,d,a,f,f,t,s,s,e
,,20.97,,b,d,a,f,f,,p,,e
,9.97,30.4,p,w,d,a,f,p,,f,o,p
10.98,9.82,,,w,,u,g,x,,x,p,e
,,0.0,n,w,,,f,o,,x,f,p
1.38,5.39,1.54,,w,h,a,f,x,t,p,x,e
5.63,5.37,11.95,,o,d,,f,s,,b,x,e
9.1,9.14,11.01,p,p,d,,f,x,,x,f,e
7.75,10.96,18.12,,,m,a,l,p,,f,f,e
3.5,3.24,8.28,,w,g,a,f,x,,o,p,e
9.64,,21.63,,b,d,,f,f,,f,f,e
4.7,8.33,9.9,,w,,a,,x,,s,x,e
11.15,6.18,13.16,,n,,,f,s,,p,b,p
,7.38,17.52,,y,d,a,f,x,,s,x,e
5.28,5.1,11.43,,b,d,w,f,s,,c,,e
,12.65,13.54,,w,d,a,,,s,o,x,e
7.42,6.87,18.83,,w,,u,f,x,,f,b,e
,,13.57,,,,u,e,x,,f,f,p
54.98,,44.03,,y,,s,,o,k,p,s,e
2.18,5.73,4.72,,w,d,a,f,x,,,x,e
,4.98,9.42,,w,d,,f,b,s,x,x,e
,12.54,24.0,,g,d,,f,x,y,f,x,e
,,12.18,,,w,a,r,f,,x,f,e
,4.9,,k,k,g,u,,x,s,,x,p
14.38,8.49,17.83,,g,m,a,l,p,,f,p,e
13.76,8.52,24.55,,w,d,a,f,x,,x,f,e
,7.19,16.58,,y,d,a,f,x,i,x,x,p
0.5,3.03,0.57,,y,d,a,f,x,,x,b,p
7.08,4.5,12.54,,g,d,a,f,s,t,x,x,p
52.12,,46.21,,y,d,u,f,o,k,s,f,e
9.8,9.1,21.29,,b,d,,f,f,,f,s,e
6.94,6.78,16.48,,,d,u,f,x,,f,b,e
,5.84,45.59,,y,d,w,f,x,,f,f,p
2.56,6.69,4.45,,w,,u,f,x,,s,f,e
7.93,7.56,,,n,g,a,l,x,,f,s,e
,5.01,1.66,,g,l,,f,c,,c,x,e
,4.45,2.24,,k,d,u,f,f,,b,o,e
8.43,,,,y,,a,f,x,s,x,x,e
,10.03,11.56,,w,d,a,f,x,i,x,x,e
8.06,9.07,12.77,,n,,,,,,b,x,e
,4.34,,,,d,a,f,x,y,f,s,p
5.49,,12.41,,g,d,a,f,x,,,x,p
,5.47,6.64,,o,d,,f,x,t,b,f,e
6.66,,13.52,,w,,u,,s,,,f,e
5.86,6.46,9.61,,,l,w,f,f,s,f,f,e
1.51,6.14,2.27,,w,g,a,f,x,t,x,f,e
11.35,,24.96,,,,u,f,x,,x,f,p
,,,,w,,,,f,,x,f,e
,2.77,12.25,,w,d,a,f,x,,b,x,p
7.86,3.74,11.49,,,g,a,,x,,f,x,e
,7.85,11.36,,y,d,a,f,f,,f,x,e
0.6,3.23,0.66,,,d,a,f,x,,f,x,e
,7.66,,,,d,u,f,s,,b,x,p
10.77,5.12,26.65,,w,,a,f,o,,x,p,e
,7.62,4.78,,u,,u,f,x,,x,x,e
,7.22,8.17,k,n,m,u,e,b,y,b,c,p
,8.14,8.82,,,,a,,x,,o,x,e
4.15,5.36,,,o,g,w,f,x,,x,x,e
,7.75,7.45,,,d,u,,x,,x,c,e
,,38.02,,w,d,u,f,x,y,f,s,e
24.74,30.15,21.33,,w,d,u,m,f,,f,f,p
6.04,5.07,,,,l,,f,s,s,x,x,e
3.65,8.09,6.44,,y,d,u,z,x,,f,x,p
,,17.69,,o,d,a,f,s,,p,f,p
7.53,6.19,14.64,,y,d,a,,x,,x,x,e
,10.73,14.98,,w,d,u,e,x,,x,x,p
6.63,13.54,12.32,,,d,a,e,b,y,x,s,p
7.01,12.57,26.55,,g,d,a,f,x,y,x,s,e
,3.84,4.42,,p,,a,f,s,,p,x,e
1.07,2.79,1.55,,,d,a,,x,,f,f,p
17.21,,24.68,w,y,d,u,f,s,,x,x,e
6.38,4.52,11.36,,y,d,,f,x,,b,s,e
4.7,5.47,9.81,,w,l,w,f,f,,f,x,p
5.73,6.49,7.78,,r,d,u,,c,,x,c,p
9.32,,,,w,d,a,f,,,x,f,e
2.29,,4.61,,w,d,,f,x,,f,,p
13.67,9.47,18.06,,w,d,,,x,i,x,x,e
6.79,,13.0,,w,d,u,g,f,,x,x,e
,4.62,,,,,u,f,b,t,x,b,p
3.99,8.25,,,n,d,u,,,,x,f,e
,7.9,15.25,,w,d,u,g,f,,x,,e
,5.62,4.72,,n,d,u,r,x,,s,f,e
8.93,,,,o,,,f,s,,p,x,e
,6.64,56.08,,f,d,u,f,o,,s,p,e
8.9,,20.22,,w,d,a,,x,,f,s,e
9.43,7.08,9.98,p,p,d,,,x,i,,x,e
,,14.85,,n,d,u,f,x,,x,s,e
12.4,9.49,15.52,w,w,d,u,,f,i,o,f,e
6.41,11.02,22.77,,g,,a,f,x,y,f,f,e
10.32,6.07,24.49,,y,d,,f,s,,f,,p
,4.58,11.68,,n,,u,f,x,,,x,e
9.04,11.79,11.99,,k,g,s,e,f,s,f,x,e
4.99,8.02,9.26,,n,g,,,x,,x,x,e
16.5,11.63,35.15,,e,,a,f,x,,c,,p
7.72,,12.73,,p,w,u,l,f,,x,x,e
,2.78,5.49,,,m,a,f,f,,f,x,p
,5.45,26.47,,b,,a,f,x,,x,b,p
3.76,7.69,7.74,,,d,a,,x,,x,s,p
10.71,5.41,23.3,,,d,,f,s,,b,p,e
8.09,8.19,16.16,,,,u,f,,,b,s,p
,,14.26,,p,,u,r,f,,s,o,e
,2.74,5.59,,o,m,a,,f,,x,x,p
4.46,5.94,4.87,,y,l,a,f,f,,x,f,p
7.21,7.13,13.88,,,,u,,x,,f,f,e
,4.79,9.56,,,d,u,f,x,,,s,e
7.76,,10.09,,p,d,,f,f,,x,f,p
8.98,,13.53,,y,,u,f,x,s,x,x,e
2.8,5.22,5.92,,n,d,u,f,x,s,x,x,p
,,2.51,,g,,s,f,f,,x,f,e
,7.42,20.31,,k,d,u,f,s,,p,x,e
8.21,5.96,12.82,,,d,u,,x,,x,p,e
,7.79,15.15,,y,d,a,,x,,x,x,e
6.79,10.43,24.67,,g,d,u,f,x,y,,f,e
,,12.39,,w,u,,e,f,s,x,o,e
,8.09,12.62,,,g,u,l,x,,f,x,p
,5.03,5.83,,p,d,u,f,f,,f,s,e
,5.41,7.51,,o,d,w,f,f,t,x,x,p
5.27,5.52,4.4,,n,,,l,,t,s,s,p
20.12,10.56,37.76,,y,d,a,f,x,,x,s,e
,10.06,2.41,,k,g,a,f,,,x,x,p
3.42,5.8,6.18,,n,d,u,f,x,s,f,x,e
,,7.96,k,n,g,a,z,x,i,x,,e
7.22,5.92,17.05,,w,d,a,f,s,,x,x,e
4.98,6.28,8.3,,y,,a,f,x,g,,f,p
2.92,4.3,2.9,,w,g,a,f,b,,x,x,e
6.43,4.98,11.24,,g,d,u,f,b,s,,f,e
4.23,6.98,4.89,,e,d,a,f,f,,x,b,e
,4.19,15.92,,w,d,,f,f,,x,x,e
6.84,8.5,13.76,,w,g,u,l,x,,,x,p
,8.96,23.82,,,,a,f,f,,x,x,e
,8.9,26.47,,o,d,u,f,x,,f,f,p
9.76,,11.57,,p,,a,e,p,s,o,x,e
,7.23,14.26,,y,d,u,,x,,x,s,e
,9.52,,,p,d,,p,p,,x,x,e
,3.12,1.38,,,d,w,f,p,,,,e
,4.9,1.0,,w,h,,f,x,,x,f,e
6.89,5.91,9.92,,p,d,a,f,,y,f,f,e
21.96,27.69,19.81,,,d,a,m,p,,x,,e
3.29,3.71,4.32,n,e,d,a,f,x,,f,x,p
6.87,3.44,8.15,,w,g,a,,s,,x,x,e
7.66,7.66,9.73,,n,,a,f,x,,p,f,p
3.67,2.84,5.45,,w,g,w,f,x,,,,e
7.69,5.38,26.45,,w,m,u,f,f,,x,f,e
20.12,17.22,35.59,,w,d,u,f,x,y,o,x,e
4.2,3.85,6.75,,w,m,w,,x,,x,x,e
,12.83,13.82,,w,d,a,,x,s,x,,e
10.39,11.11,11.82,,w,h,a,f,f,i,s,s,p
14.11,15.59,33.71,,n,d,u,,x,y,b,b,e
,2.67,6.4,,w,g,u,f,s,,f,s,p
,5.83,9.32,,y,,a,f,,,x,x,p
,6.0,6.93,k,k,d,u,f,f,,x,c,p
,6.06,13.96,,w,d,,f,s,,x,x,e
,17.19,17.11,,,,a,p,x,y,x,x,p
3.87,6.81,4.86,,w,d,u,f,x,,x,x,e
11.76,6.57,14.6,,,d,a,f,s,,f,x,p
3.05,,5.95,,,d,u,f,x,s,x,x,e
12.16,9.99,17.53,,w,d,a,,x,i,x,x,p
,5.67,,,f,d,a,f,s,,,s,e
,11.31,15.79,,w,d,,g,x,,c,x,p
7.46,7.89,14.31,,w,d,,,p,,f,x,e
,4.9,15.71,,y,d,a,f,s,,s,s,p
,6.51,8.21,,n,d,u,f,c,,s,x,p
5.24,2.77,11.97,,r,,a,f,x,,x,c,p
,12.31,12.24,,w,d,a,e,b,y,,x,p
8.68,6.91,19.87,,w,d,a,f,x,,x,s,e
7.39,5.19,11.62,,r,d,u,f,x,,x,x,e
,7.37,26.88,,,d,w,f,s,,b,x,e
3.64,4.97,5.9,n,e,d,a,f,x,,x,f,p
,6.63,25.29,,w,d,,e,x,,o,f,e
4.67,7.22,13.79,,n,d,a,f,x,,,x,e
,3.83,0.87,,n,d,u,f,x,,c,x,p
,3.41,1.77,,w,l,a,f,x,,x,b,p
,8.97,16.75,,p,d,a,l,p,y,s,,e
1.64,4.12,1.46,,n,h,a,f,b,,x,x,p
2.69,,6.14,,w,m,,f,,,b,p,e
16.48,9.78,30.13,,e,d,a,f,x,,x,x,p
,,11.43,,,,u,f,,s,f,f,e
,,17.43,,g,g,w,f,,,f,b,e
10.86,6.57,19.25,,n,d,,f,s,,o,s,e
3.04,0.0,0.0,,f,,u,f,o,f,,x,p
,6.17,12.87,,n,,a,e,f,,x,x,e
1.44,4.08,1.45,,n,d,,f,o,,o,s,p
7.33,4.96,21.53,,,,s,f,f,,,x,e
,4.97,12.18,,k,m,a,e,x,,f,x,e
,,17.42,,o,d,u,f,s,,,x,e
,6.48,7.17,,r,l,a,f,,,f,x,e
5.47,4.82,,,n,d,a,l,x,,f,x,e
8.86,7.69,18.59,,,d,a,f,f,,x,,p
,10.35,13.44,,n,,a,,f,i,x,x,e
4.55,5.67,6.34,,r,,u,f,x,,p,,e
,4.82,8.42,,w,,u,f,f,i,s,f,e
,6.9,9.24,,,,u,f,c,,c,s,p
,8.22,17.24,,y,d,a,f,x,,b,p,e
,10.09,15.78,,w,d,a,g,x,,x,x,e
,,9.47,,,d,s,,x,,s,f,e
5.26,6.46,13.84,,n,d,a,,x,,x,f,e
12.48,11.04,17.03,,w,d,a,e,f,,f,x,p
,,11.12,,p,d,a,f,x,,x,x,p
4.32,5.49,,,,d,,,,,x,f,p
,7.47,15.82,,,d,a,f,f,y,f,s,p
3.39,6.64,3.36,,n,,,f,b,,x,,e
,,11.7,,w,d,u,g,x,,x,f,e
,,12.25,,,d,,f,f,i,x,s,e
7.68,4.6,12.92,,w,d,,f,s,t,,f,p
,,10.25,,e,d,a,,x,,o,x,e
,,,,n,,a,p,x,,x,f,e
21.18,8.23,30.64,,,,,f,f,,f,f,p
6.24,5.77,11.13,,g,d,u,f,f,s,f,f,e
11.12,,25.36,,,d,a,f,x,,o,f,e
8.48,4.63,11.66,,n,d,a,f,f,,f,x,p
,3.15,1.28,,n,d,,f,x,,,p,p
,7.68,8.42,,y,m,u,f,x,,f,x,p
4.12,4.29,10.64,,n,d,a,f,x,,f,,e
,3.7,1.34,,n,d,u,f,b,t,x,c,p
,6.4,31.49,,y,d,,f,o,k,f,x,e
,,4.08,,w,d,u,f,x,,x,x,e
6.42,4.92,10.21,,,d,u,f,f,s,,s,e
4.43,5.37,6.75,,,l,,f,x,,s,b,e
,7.07,13.93,,y,,a,,x,,f,x,e
1.6,7.84,2.86,,y,,u,f,f,,f,s,p
2.59,4.65,6.03,,p,d,a,f,s,,o,x,e
1.12,5.86,0.96,,,,u,f,f,,f,f,e
,,4.1,,n,,u,f,x,,s,c,e
2.91,,2.89,,,d,a,f,,,s,f,p
16.83,11.09,18.71,,w,d,u,,x,,,x,e
3.59,5.12,3.47,,w,h,a,r,x,y,x,x,p
54.35,8.15,32.7,,,d,u,f,o,k,x,f,e
7.69,4.77,8.26,,w,d,a,f,,i,x,s,e
,,22.49,,,d,,f,f,,x,o,e
,3.91,14.32,,,d,a,f,x,,,x,e
5.48,2.94,6.11,,y,h,u,f,s,,x,f,p
,5.27,15.27,,f,d,u,f,x,,s,x,e
0.56,3.3,0.63,,y,d,u,,x,,f,x,p
4.9,3.71,5.43,,,,,r,x,s,b,c,e
,,29.09,,w,m,u,f,f,,s,x,e
,2.87,18.31,,,d,w,f,f,,x,f,p
11.61,,20.22,,u,l,w,f,f,,s,x,e
7.68,8.83,14.45,,w,d,u,l,x,,f,o,p
2.92,6.61,43.5,,f,l,a,f,o,,f,p,e
,5.61,5.1,,n,d,w,l,x,t,s,s,e
,5.77,3.63,,w,g,u,r,x,y,p,,p
,4.5,5.82,,r,m,,f,f,t,p,s,p
,4.84,17.63,,b,d,a,f,f,,o,x,e
10.53,7.21,21.59,,n,d,,f,x,,f,x,e
,3.01,2.51,,g,,,f,b,,o,b,p
4.11,0.0,0.0,,f,d,u,f,o,f,f,p,p
,,5.93,,w,m,w,f,,,x,x,e
2.11,6.03,2.94,,,,a,f,b,,x,x,p
2.18,,7.17,,w,,u,,x,,x,x,p
7.63,7.2,13.16,,r,,u,f,x,,x,x,e
,5.01,2.4,,g,,u,f,f,,,x,e
1.91,4.82,2.52,,n,g,,f,b,,f,x,p
14.97,,16.63,,w,,a,,x,,o,,e
4.1,4.2,7.79,,y,d,u,f,x,,x,f,e
8.16,11.1,16.74,,w,d,a,g,x,,o,b,p
,5.41,18.86,,f,l,s,f,c,,x,x,e
20.46,,36.86,,,d,a,f,,,x,p,p
,,9.64,,p,,a,,x,i,f,x,e
5.77,,6.1,,w,d,u,f,s,,x,f,p
,7.21,,,y,d,u,f,x,,f,x,e
,8.1,18.29,,,d,a,p,x,,b,f,e
,5.43,14.5,,w,,u,f,x,,p,x,e
7.45,5.35,13.79,,n,,a,l,f,,s,x,e
7.01,6.11,12.46,,w,,a,g,x,,x,x,e
9.08,6.48,10.25,p,,,a,f,x,i,x,f,e
,6.52,12.78,,y,d,u,,x,,x,,e
,2.88,23.98,,f,d,s,f,,g,x,b,p
,,,,,g,a,f,s,,,,p
,6.7,9.24,,w,d,a,f,x,,x,,p
12.86,,19.19,w,k,d,w,f,f,,x,s,e
4.57,5.0,5.43,,n,d,w,l,x,,f,x,e
,6.49,20.07,,n,,,f,x,,x,s,e
,5.64,7.49,,n,,w,f,x,y,x,x,p
,,7.46,k,k,d,,f,x,s,f,f,e
,7.66,18.49,,n,d,a,p,x,,,x,e
5.96,6.66,16.13,,,d,a,f,x,i,x,x,p
,,16.78,,y,d,,f,,,b,x,e
,10.24,14.25,,,d,a,f,x,,x,f,p
,2.9,6.71,,w,h,u,f,s,s,x,b,e
,,16.7,,o,d,a,f,,,b,f,p
,,31.3,,,d,u,f,x,,x,x,e
,7.43,10.0,,w,d,a,f,x,,s,x,p
5.86,4.84,9.98,,w,d,,f,f,s,x,s,e
6.8,7.84,15.36,,y,d,a,f,x,,x,x,e
11.91,8.79,14.05,,w,d,,,f,i,x,x,e
,3.83,2.85,,w,g,u,,b,,x,,e
3.32,,6.26,,,m,a,,x,,x,o,e
,4.79,5.86,k,k,,,f,x,s,x,x,e
4.41,,4.03,,g,,w,f,b,s,o,f,e
,,,,f,,s,f,p,,f,,e
5.87,6.43,13.81,,w,d,u,f,s,,s,f,e
4.35,3.86,8.06,,g,d,u,,x,,x,s,p
1.6,5.26,2.92,k,n,g,a,f,x,s,x,x,p
7.08,5.52,13.31,,,d,,f,f,s,x,f,e
,5.69,11.75,,w,d,a,f,p,,f,x,e
3.53,5.24,3.51,,w,g,a,r,x,y,f,f,e
,5.36,4.21,,n,d,a,l,,t,x,x,e
48.86,5.99,18.73,,y,,u,f,o,k,f,x,e
9.87,7.6,25.04,,n,d,w,f,s,,x,f,e
10.23,11.92,20.97,,y,d,,,x,,f,,p
,5.97,6.05,,f,,a,f,s,,,x,e
5.79,,12.45,,w,,,f,c,s,f,f,e
1.85,2.42,2.89,,n,,u,f,x,s,f,p,p
,6.44,2.45,,w,,a,f,x,,p,f,p
7.96,7.78,15.85,,,d,u,,x,,s,s,p
4.2,6.11,7.94,,o,d,a,f,f,t,p,x,e
3.33,3.31,,,w,,w,f,f,,x,x,e
3.24,8.1,4.04,,,h,,f,s,i,f,x,p
,,17.58,w,w,d,w,,f,i,,x,e
12.78,2.54,,,y,d,a,f,f,,x,x,e
,0.0,0.0,n,w,d,,f,o,,f,c,p
,5.08,,,g,,w,f,b,,x,x,e
,3.68,,,g,d,a,f,x,,x,o,e
6.14,6.91,,,,d,u,f,,,,x,p
3.35,6.47,49.1,g,f,l,,f,s,,x,f,e
1.5,2.42,2.49,,n,d,u,f,x,s,x,x,p
,4.56,12.28,,n,,u,,x,,f,f,e
0.83,2.43,2.27,,,g,a,f,b,,b,s,p
7.49,8.96,11.78,,,d,a,f,f,t,b,x,e
,6.36,9.58,,w,g,u,f,f,i,x,x,e
,5.33,25.87,,,g,,f,s,,s,f,p
5.16,,6.42,,n,d,s,r,x,,x,f,e
1.43,,1.37,,w,h,u,f,x,t,,f,e
,4.54,22.34,,,,,f,o,,f,p,e
,9.38,18.77,,p,d,a,l,x,y,b,o,p
,,16.34,,w,d,u,g,x,y,x,s,p
3.6,6.04,3.9,,g,d,s,f,b,s,x,x,e
11.29,8.36,,,n,,,l,p,,p,x,p
8.31,7.92,13.01,,,g,u,f,x,s,f,x,e
9.15,4.43,21.28,,w,d,u,f,s,,o,x,e
6.42,,9.33,,n,d,a,f,s,,x,b,p
7.18,6.84,18.42,,w,d,u,f,x,s,x,s,e
4.89,,7.28,,w,l,a,,f,s,x,x,e
8.61,,15.61,,y,d,u,,x,,x,s,e
,2.62,5.16,,,m,w,f,x,,f,x,e
4.56,5.36,6.58,,,,a,f,x,,x,x,p
13.41,10.58,,,,m,a,r,x,,o,f,e
,,14.49,,f,d,a,f,f,,f,s,e
8.69,16.03,9.03,,,d,a,f,f,g,o,x,p
,7.42,2.83,,n,g,u,f,f,,x,s,e
,5.56,23.31,,,,a,f,s,,,o,e
,6.91,24.9,,w,d,w,f,,,f,c,p
,5.04,45.03,,y,d,w,f,f,,x,x,p
,2.72,1.39,,w,d,a,f,x,,f,f,p
8.52,4.18,10.18,,,d,a,f,,,x,x,p
13.2,6.01,26.65,,w,d,u,f,s,,f,x,e
2.11,3.98,2.54,p,,,a,f,x,,,s,p
,5.99,11.08,,n,d,,f,f,,x,f,p
,5.12,28.42,,y,d,a,f,s,k,o,x,p
4.35,,7.31,k,,d,,z,x,,x,f,p
6.8,5.78,13.19,,r,d,a,f,x,,o,f,p
3.92,,,,o,d,a,f,x,t,f,f,e
7.21,13.26,13.44,,w,d,u,f,c,s,x,x,e
1.12,5.48,0.94,,,d,a,,,,c,x,e
5.99,5.36,10.43,,w,l,a,f,x,,f,,p
,,32.62,,w,,u,f,f,,x,,e
,3.79,1.06,,p,,w,f,x,h,,s,p
8.88,7.24,25.79,,w,m,u,f,f,,x,x,p
,5.27,9.86,,w,,a,f,,,s,x,p
,6.79,11.79,,n,d,a,f,x,,p,x,e
1.79,4.6,1.75,,,d,w,f,,,x,x,p
,12.14,11.48,,,d,,f,x,s,f,x,e
5.55,8.59,63.0,g,f,d,u,f,o,,x,f,e
4.7,6.52,,,,d,,f,,,b,p,e
2.21,6.17,4.62,,w,d,w,f,x,,x,x,e
,5.09,12.68,,n,d,u,f,x,,x,b,p
16.98,16.58,63.6,,y,d,u,f,,,o,p,e
,7.14,7.4,,f,,a,f,s,,x,x,e
6.59,5.89,12.78,,f,d,u,f,x,,x,x,e
10.24,,10.29,,w,d,,f,x,i,b,x,e
4.49,4.49,7.62,,w,d,a,f,f,,x,x,e
16.72,18.75,77.79,,y,,,f,p,,f,s,e
10.41,2.22,9.59,,y,d,w,f,f,,f,c,e
3.59,3.78,11.5,,k,,u,e,x,,x,s,e
,4.56,25.11,,y,d,a,f,f,,p,x,p
,5.76,23.37,,w,d,w,e,x,,x,x,e
8.66,6.87,28.99,,w,m,s,f,x,,o,x,e
7.23,8.64,12.63,,,d,a,f,f,t,x,b,e
2.21,0.0,,,,d,w,f,o,f,b,f,p
,8.06,14.05,,w,d,a,p,x,y,x,x,p
,6.99,42.74,,y,d,s,f,o,k,f,,e
4.55,5.72,3.46,,,d,a,f,f,,x,x,p
,,11.46,,n,w,a,l,x,,b,x,e
,5.51,9.06,,w,,u,f,,s,x,s,e
4.13,7.88,7.86,,n,d,a,,x,,x,c,e
,2.51,16.43,,,d,a,f,f,,f,f,p
,5.41,11.65,,n,d,,f,x,,,b,e
,4.73,3.08,,g,d,w,f,f,s,x,x,e
2.8,3.6,3.05,p,p,g,a,f,f,,f,f,p
,4.7,4.22,,u,d,u,f,,s,o,x,p
2.65,3.01,3.58,,n,p,a,f,c,i,f,f,p
1.61,6.95,,,,,u,f,x,t,x,f,e
15.36,9.81,16.91,,w,d,,,x,,x,x,e
3.03,0.0,0.0,,f,d,s,f,o,f,c,f,p
3.6,,9.79,,n,d,a,f,x,,x,o,e
,16.72,35.04,,w,d,a,,x,y,x,s,p
,,18.07,,u,d,,f,,,s,f,e
2.34,7.22,2.99,,y,,u,f,c,,s,x,p
5.43,4.18,7.69,,y,d,u,f,x,,x,s,e
10.03,13.26,11.4,,k,g,,e,f,s,f,x,e
6.79,5.59,15.17,,y,d,a,f,f,,f,f,p
,5.75,3.7,,,l,a,f,f,i,f,f,e
,,19.42,,,,a,f,,,,x,e
,4.7,,,p,d,a,f,f,,x,x,e
14.89,16.17,35.22,,w,d,u,f,x,y,c,s,e
,4.9,15.56,,w,d,a,f,f,,f,x,p
13.85,9.49,,,w,d,a,,x,,x,x,e
5.63,5.55,9.07,,,d,u,f,x,y,f,f,e
2.98,4.86,2.98,,w,g,u,,b,,f,f,e
1.22,3.72,,,f,,a,f,s,,f,x,e
7.44,6.74,10.32,,w,m,,f,f,i,s,x,e
,,35.07,,y,d,s,f,o,k,b,o,e
3.49,,3.46,,w,d,,f,x,k,f,x,e
3.3,4.51,3.23,,w,,u,f,b,,f,x,e
5.88,4.31,11.7,,,,u,l,f,,x,x,e
6.83,13.0,13.32,,w,d,,f,c,s,s,p,e
,4.6,2.2,,p,d,u,f,x,,x,b,e
3.7,5.37,9.95,,n,d,u,z,x,,,x,p
,10.39,23.41,,y,d,,,x,,x,x,e
,,17.15,,,d,a,f,b,,b,o,p
,7.29,13.18,,w,g,u,f,p,,x,,e
,7.02,8.82,,w,d,a,f,s,,x,f,e
17.98,,77.0,,y,d,a,,p,,c,x,p
,6.83,3.39,,,l,a,f,s,i,p,f,e
4.83,,13.39,,,d,u,f,c,s,x,s,e
21.52,32.43,22.69,,,d,a,m,p,,x,f,e
,,5.92,,o,,u,,x,,o,s,e
8.01,6.49,,,,,u,f,x,s,f,f,e
4.3,6.43,3.91,,w,d,,f,f,,p,p,e
,7.06,13.51,,y,d,u,,f,,f,b,p
2.99,3.04,8.77,,o,d,,f,x,,s,,e
,5.52,7.41,k,n,,a,e,b,y,f,,p
,5.69,51.23,,f,d,w,f,o,,x,x,e
,6.66,29.94,,n,d,a,f,f,,f,f,p
13.87,9.93,17.72,,w,d,u,,x,,x,x,e
1.25,3.1,5.39,,f,d,,f,x,,s,f,p
4.55,5.64,4.46,,,,w,l,x,t,,s,e
,11.25,25.65,,g,d,a,f,x,y,x,,e
3.02,,9.41,,e,d,,f,x,,f,b,e
,,12.3,,n,w,a,l,x,,x,s,e
0.83,3.95,1.04,,p,,,,x,h,f,o,p
6.81,8.88,11.66,,y,,a,f,f,t,x,x,e
,5.13,10.03,,w,,a,f,f,s,x,x,e
3.36,6.48,6.54,,f,d,,f,s,,p,f,e
2.61,8.36,2.43,,n,,u,f,b,,p,b,p
,10.44,9.96,,n,d,u,,x,y,,x,p
1.06,,1.7,,w,l,u,f,x,,f,,e
2.32,7.3,3.1,,n,g,a,f,c,,s,f,e
6.7,7.98,6.66,,,d,a,l,x,t,f,x,e
9.17,,30.06,p,p,d,,f,x,,f,s,p
1.51,4.79,1.27,,g,,a,f,c,,x,x,e
7.01,5.67,7.46,,,,w,f,x,y,f,o,p
,,9.33,,w,d,a,f,x,,s,f,p
3.11,,10.03,,n,d,,z,x,,s,,p
,,25.35,,y,d,u,f,x,,s,x,p
,4.57,2.38,,,,s,f,f,,x,o,e
1.5,5.16,2.46,,g,d,s,f,,,x,s,e
10.66,9.67,18.66,,,,a,p,x,y,p,,e
6.23,12.44,,,,d,a,f,c,s,o,,e
9.77,6.53,20.84,,n,d,a,f,x,,s,s,e
,7.0,58.72,,f,l,w,f,o,,x,f,e
1.5,6.63,2.2,,w,h,u,f,x,,c,,e
,4.72,9.96,,w,d,u,f,b,s,f,b,e
5.92,,8.12,,w,,a,f,,s,,x,e
12.48,10.66,24.05,,y,,a,f,x,,x,f,e
,5.07,1.34,,w,l,a,f,c,,s,,e
,,1.06,,p,h,a,f,x,,f,o,e
10.74,,17.0,,w,d,,g,f,,c,f,e
,5.89,7.6,,o,d,a,f,f,t,f,f,e
4.55,5.99,3.9,,w,d,,f,f,,o,s,e
6.02,6.69,10.18,,,l,w,f,,s,x,f,e
4.04,,7.12,,o,d,a,f,f,t,f,s,e
2.42,3.92,3.42,,n,d,u,f,f,i,x,p,p
6.72,6.67,18.12,,f,d,u,f,f,,,x,e
,,0.0,,w,d,a,f,o,f,s,x,p
1.53,4.59,2.31,,n,,a,e,p,t,x,x,e
,5.25,19.85,,f,l,s,,o,,o,f,p
,4.27,14.68,,w,d,u,f,x,,s,f,e
7.36,,23.87,,g,d,,f,x,y,s,x,e
,5.73,2.34,,n,m,u,e,p,,s,x,p
,9.13,,,n,d,,p,x,,s,x,e
7.78,,,,w,,w,f,x,i,x,f,e
,3.5,2.38,,,g,a,f,b,,x,,p
2.28,5.71,5.86,,,d,a,f,s,,x,,e
,4.0,1.04,,p,d,w,f,x,h,f,f,p
,5.66,2.63,,,d,a,f,b,,x,x,e
7.75,4.2,14.6,,w,d,u,f,f,,x,x,e
,7.53,25.65,,e,,u,f,x,,f,c,p
,11.82,6.62,k,k,g,w,,b,,c,p,p
,10.11,17.01,,,d,,g,f,,s,x,e
7.25,5.32,,,f,d,u,f,x,,f,,e
3.06,,5.43,,y,d,u,f,f,,s,p,p
8.72,8.11,15.42,,y,,a,,x,,x,x,p
5.29,,12.07,w,w,d,a,,f,i,p,f,e
4.45,4.25,8.2,,g,,u,f,x,,c,f,e
,6.39,45.85,,y,,w,f,x,,x,f,p
,5.2,1.01,,p,h,u,f,f,,x,x,e
,4.12,11.45,,g,d,u,f,s,t,,p,p
4.39,,67.74,g,,,,f,s,,o,x,p
3.63,6.9,6.99,,k,,a,,f,s,x,f,e
,6.46,16.28,,n,d,u,f,f,,x,x,p
,3.68,5.54,,o,g,w,f,x,,x,x,e
,,13.56,,w,,a,f,x,,x,x,e
,8.96,22.73,,y,d,a,f,x,,,x,p
,6.2,9.84,,y,,a,f,f,,x,x,p
,13.0,13.83,,y,,u,,x,y,p,,p
4.06,6.04,6.9,,o,d,a,f,x,t,f,f,e
,9.76,12.29,,y,,a,f,f,t,b,c,e
,5.25,12.9,,,d,,f,,,x,f,e
,,23.44,,,d,a,f,f,,f,f,e
,6.49,7.86,u,u,,a,e,b,y,f,x,p
6.26,5.73,10.47,,,l,a,f,x,,f,x,p
1.32,5.25,1.83,,w,g,u,f,x,t,x,f,e
,6.71,6.21,,w,d,a,f,f,k,x,x,e
7.75,4.11,14.44,,w,d,,f,x,y,x,f,p
1.35,5.0,2.67,,g,g,s,f,x,,s,s,e
4.85,6.04,7.18,,w,d,a,f,f,,x,x,e
8.67,5.39,13.12,,o,d,,f,s,,x,f,p
,10.02,28.7,,w,d,w,f,,,,f,e
6.37,6.03,15.4,,y,,a,f,x,i,f,s,p
6.79,5.08,19.31,,p,g,w,f,,,x,x,e
,7.57,22.37,,w,d,a,f,x,,x,x,p
6.27,,8.47,k,n,g,,z,,i,,,p
,,13.95,,f,d,,f,x,,f,x,e
,2.66,1.48,,g,d,s,f,b,,x,x,e
,5.0,3.58,,,d,u,,,k,o,o,p
1.06,2.74,1.48,,,d,a,f,b,,p,b,e
,12.1,10.91,,w,d,a,f,c,s,x,x,e
1.01,5.44,1.06,,w,d,a,,x,,x,s,e
,5.67,9.22,,w,h,,f,s,s,f,x,e
,5.32,,,,d,s,f,f,s,f,,e
7.21,7.75,11.54,,w,d,a,f,p,,f,f,e
,,1.61,,g,d,u,f,,,x,b,e
,5.77,7.64,,n,d,a,z,,,b,s,p
,6.46,7.69,,o,d,a,f,f,t,x,p,e
,7.86,10.8,,w,g,,,x,,b,x,e
3.44,6.61,6.86,r,r,d,a,z,x,,c,f,p
,4.56,17.54,,,d,a,f,f,,s,,e
3.24,6.82,3.8,,p,d,u,f,f,,,,p
,9.37,30.07,,o,d,u,f,x,,,s,p
,2.44,15.94,,w,d,a,f,f,,x,x,e
,6.83,12.98,,y,d,,f,,,f,x,e
,9.3,11.49,,w,h,a,f,f,i,,o,p
6.13,13.48,11.15,,w,d,,e,f,s,f,f,e
6.07,7.79,9.73,,w,d,,z,x,,p,x,p
13.04,2.86,17.12,,y,d,,f,f,,x,c,e
6.7,6.81,6.01,,n,d,w,l,,t,s,f,e
6.71,8.5,14.61,,,d,,,x,,s,x,e
46.04,5.54,28.12,,y,,u,f,o,k,x,x,p
8.2,7.92,14.18,,w,d,a,,f,i,x,x,e
,5.79,4.88,,n,d,w,l,x,t,c,x,e
,4.18,8.65,,o,d,a,f,x,,f,x,e
5.18,8.22,8.98,,,,s,,x,,x,x,e
,2.0,2.58,,n,d,a,f,x,s,b,x,p
4.9,11.28,10.58,,w,d,a,f,c,s,x,p,e
,,,,k,d,a,,b,,,x,e
,5.17,3.17,,w,,u,f,b,,s,f,e
10.21,8.98,,,p,,u,f,s,,,f,p
,6.93,7.06,k,n,d,,z,,i,f,x,p
10.24,12.2,17.59,,w,d,a,g,x,,x,x,p
,,8.44,,g,d,a,f,,,c,s,e
,5.16,10.41,,y,,a,f,x,i,f,x,p
,7.62,3.68,,p,h,,,s,i,x,b,e
0.79,4.03,1.03,,o,,u,f,x,,f,x,p
2.19,,2.6,,g,,u,e,p,t,f,o,p
1.45,6.4,1.76,,w,h,a,f,x,t,x,x,e
7.61,7.58,25.35,,w,d,,f,f,,s,b,e
,10.6,,,o,d,u,f,x,,s,b,e
6.3,12.39,13.26,,w,,a,f,c,s,f,f,e
5.25,,8.52,,y,,,f,x,g,x,f,p
5.15,,,,w,d,a,f,x,,f,x,e
4.2,8.16,,,w,d,,,x,,s,x,e
1.44,,1.59,,n,d,,f,o,,x,o,p
,7.22,11.6,,w,d,a,f,f,i,x,p,e
,5.56,2.8,,,d,s,,x,,b,c,e
7.71,,13.94,,w,d,a,f,x,,p,x,p
1.49,,1.3,,w,,u,f,,,s,f,e
,6.04,2.84,,k,d,,,b,,o,c,e
,4.55,2.79,,p,h,a,,f,i,x,,e
6.02,4.8,8.11,,w,,a,f,s,s,f,x,p
,4.1,9.09,,y,,a,f,x,,b,x,e
,5.92,15.62,,n,d,,,f,,,,p
6.13,5.36,16.41,,w,,,f,,,f,f,p
6.32,7.36,8.28,,g,d,a,,x,,s,o,p
9.4,7.75,23.67,,n,,u,f,x,,f,x,e
5.73,,18.36,,,l,s,f,p,,x,x,e
4.87,6.85,5.13,,y,d,,f,,s,b,x,e
10.06,,25.21,,w,,a,e,x,,x,x,e
2.11,3.23,5.63,,,h,a,f,f,,,x,p
45.84,5.75,26.36,,y,d,s,f,o,k,s,f,e
,5.87,18.28,,w,d,a,f,f,,b,x,e
,6.96,22.58,w,y,d,u,f,f,,c,f,e
,8.12,14.09,,,,u,f,x,s,b,f,e
,12.92,12.3,,w,d,a,l,b,y,s,b,p
,11.79,12.25,,,d,a,f,c,s,s,,e
1.79,5.33,1.51,,w,d,a,f,c,,x,c,e
6.48,5.93,14.99,,w,d,a,f,s,,x,x,e
9.55,,15.65,,w,d,u,g,,,x,x,e
,12.61,15.4,,,,a,g,x,,x,s,e
,5.98,15.68,,y,d,a,f,f,,x,s,p
11.61,,24.25,,p,d,,f,s,,x,x,p
,5.18,1.59,,n,h,a,f,b,t,,x,p
8.22,7.5,12.86,,y,g,a,f,x,,f,x,e
,,7.24,,y,d,s,f,f,k,f,x,e
,10.44,18.06,,w,d,a,,x,,f,o,e
,7.02,21.21,,w,l,w,f,x,,,x,e
1.17,3.67,5.2,,,,u,,x,,,,p
11.9,2.29,12.38,,y,,w,f,f,,b,f,e
,5.56,12.57,,,d,u,f,x,,x,c,e
,7.72,20.04,,w,d,,f,x,,s,,e
,5.24,2.57,,k,,u,,f,,x,s,e
,9.01,21.71,,y,,,f,f,y,c,f,p
53.57,6.33,34.2,,y,d,s,f,,k,x,x,e
,5.5,4.46,,w,,u,f,x,,o,f,e
,4.59,3.16,,w,g,a,f,,,b,x,e
5.68,4.18,9.21,,w,d,u,f,x,y,b,x,e
,7.01,9.8,,w,d,a,f,s,,f,b,p
,5.83,24.26,,p,d,u,f,s,,x,c,e
,3.85,10.82,,k,g,a,e,p,,x,f,e
4.64,5.88,12.28,,y,d,u,f,x,,x,f,e
7.68,6.02,17.61,,,,w,f,x,,x,o,e
,6.16,18.01,,,d,a,f,f,,c,f,e
,5.1,1.67,,n,,u,f,b,t,x,o,p
4.09,4.02,7.26,,w,m,,f,f,,s,x,e
,8.41,16.69,,w,d,,p,p,y,f,s,e
6.42,4.86,12.88,,p,,a,e,p,,x,x,e
,2.71,1.16,,,d,,f,x,,x,x,p
13.99,,25.44,,w,d,,,,,x,f,e
6.78,7.68,23.73,,w,d,w,e,x,,x,x,e
,4.97,1.48,,w,l,a,f,c,,,f,e
6.0,,6.83,,w,d,a,f,f,g,x,b,p
9.39,8.45,33.19,,w,m,u,f,f,,x,x,e
,6.78,13.69,,y,d,a,f,x,,,x,e
6.09,6.04,20.34,,f,l,s,f,o,,s,,p
3.85,4.66,6.62,,e,m,,f,x,,b,x,e
,7.47,10.76,,,g,a,f,,i,x,o,e
,6.1,10.26,,y,d,w,f,f,,f,b,p
7.61,4.68,12.25,,,,a,r,f,,x,x,e
3.59,,5.47,,p,d,a,f,f,,x,x,e
3.28,5.06,6.02,,y,,u,f,,t,x,,p
2.92,5.15,6.13,,y,d,w,z,b,,s,f,p
7.35,7.71,14.14,,w,d,u,f,p,,x,x,e
,,12.42,,r,d,u,f,x,,o,x,e
,5.1,1.46,,g,d,a,f,c,,x,x,e
,4.2,7.27,,w,l,,f,s,s,p,b,e
,10.07,32.58,,w,d,w,f,,,f,x,p
10.45,,,,,,u,e,,s,x,f,e
7.18,6.04,12.29,,y,d,,f,x,,f,p,e
3.34,,5.96,,y,m,a,,b,t,f,x,p
4.25,,11.42,,n,d,u,f,x,,s,s,e
,,12.21,,n,d,a,f,x,,x,x,e
6.45,,10.24,,w,l,a,f,f,s,s,x,e
,2.78,15.58,,,d,,f,f,,f,x,e
4.16,5.1,,,p,d,u,f,s,,x,x,e
,3.54,25.76,,f,d,s,f,,g,c,p,p
14.94,24.71,16.55,,w,d,u,m,f,,x,x,p
,4.68,6.75,,w,d,a,f,f,,x,f,p
3.69,5.99,7.14,,o,,a,f,x,t,x,o,p
14.15,9.27,16.44,,,g,,,x,,c,,e
4.06,6.16,11.02,,n,d,a,f,x,,b,x,e
,7.95,23.14,,w,d,a,f,x,,f,f,e
9.51,5.55,23.23,,p,d,u,f,s,,x,x,e
,5.43,1.85,,,,u,f,b,s,f,c,p
9.45,8.94,18.03,,,l,a,p,x,y,o,b,e
9.57,8.07,21.69,,y,,a,f,x,,s,x,e
9.5,6.95,20.9,,y,d,u,f,x,,f,x,e
3.58,,6.87,,p,d,,,f,,f,p,e
12.6,2.38,14.01,,w,d,w,f,f,,b,x,e
19.82,25.88,20.37,,w,d,u,m,p,,b,f,e
0.91,5.22,0.98,,,,,f,c,,c,b,e
13.02,2.46,15.23,,y,d,w,f,f,,x,f,e
7.11,,7.47,,,,a,f,,g,x,x,p
6.97,5.54,12.07,,,d,,f,s,,x,c,p
,5.61,13.07,,o,g,a,,s,,x,o,e
,,11.94,,w,d,u,f,x,s,x,x,e
4.92,,9.83,,w,g,a,,x,,f,x,e
4.63,5.93,4.1,,,,a,f,x,,p,x,e
1.64,5.47,1.74,,w,d,u,f,c,,f,s,e
19.45,7.73,37.87,,,d,u,f,s,k,x,x,p
,,8.0,,g,d,u,f,f,,f,s,p
7.77,13.08,11.95,,,d,a,e,b,,,,p
2.95,6.04,4.74,,u,d,u,f,x,,f,b,e
6.95,5.96,13.31,,,d,u,f,x,,s,x,e
,3.27,1.58,,g,d,a,f,b,,f,x,e
,5.74,8.43,,,d,,f,s,s,f,,e
9.95,,,,p,d,s,e,f,s,x,f,e
7.18,6.43,,,w,d,u,f,x,,x,f,e
6.37,,14.15,,w,,u,f,f,,s,s,e
,5.54,7.1,u,,g,u,e,x,y,,p,p
,,26.01,,,d,u,f,x,,o,f,e
2.6,6.09,3.5,,w,h,u,r,x,y,x,x,p
,5.46,10.53,,g,d,u,f,f,s,f,x,e
9.37,7.04,19.41,,u,l,w,f,s,,,x,e
6.8,,17.72,,o,d,w,f,o,,s,x,p
7.08,7.48,7.4,,b,,,f,s,,f,x,e
8.67,7.91,19.64,,b,l,a,f,s,,p,x,e
,,25.7,,,,w,e,x,,x,x,e
6.05,7.91,10.66,,w,l,a,f,x,s,x,x,p
,,3.41,,k,,,f,b,,x,f,e
,,12.63,,w,d,,f,x,s,f,s,p
,2.22,5.49,,o,h,u,f,s,,f,s,p
7.92,8.84,9.3,,w,,a,f,x,i,x,x,p
6.68,4.3,14.77,,w,d,u,f,f,,p,x,e
,,3.39,,,d,,f,b,,o,f,e
5.89,,7.47,,p,,u,f,s,,f,f,e
,2.52,5.29,,y,,a,f,f,,b,f,p
,9.47,,,u,,a,f,x,,x,,p
2.59,,3.33,,n,m,u,f,b,,,x,p
5.01,,8.27,,w,h,a,f,s,s,f,b,e
2.86,6.21,3.04,,n,d,a,f,b,,b,x,e
5.84,6.96,5.99,,n,d,w,l,x,t,b,s,e
9.67,,14.22,,y,d,u,,x,y,x,s,p
,,5.75,k,k,,a,,b,,x,x,p
3.48,5.51,3.51,,w,d,u,r,x,y,f,x,p
,11.82,11.29,,w,d,u,f,x,s,s,f,e
11.38,,17.49,,b,d,a,f,f,,x,p,e
,8.35,11.92,,w,d,u,,f,i,b,c,e
18.87,15.45,33.22,,n,d,u,f,p,y,x,x,e
,5.3,16.2,,w,d,u,f,x,,x,x,e
18.44,,72.37,,y,d,a,f,x,,x,f,e
7.82,5.64,19.13,,w,,u,f,x,,x,f,e
,6.44,13.33,,o,d,a,,f,,x,x,e
,2.47,5.55,,f,d,,f,s,,b,f,p
11.86,8.37,25.78,,n,d,,f,x,,b,x,e
3.45,,,,p,,u,f,f,,s,f,e
1.53,5.07,1.45,,w,l,u,f,,,x,f,p
6.23,,7.17,,,d,,,x,i,x,p,p
,,20.87,,n,d,a,f,f,,,s,e
,7.51,14.33,,y,d,a,,,,f,s,e
3.07,10.25,2.71,,n,g,a,f,b,,x,,p
,5.85,5.77,,p,,a,,s,,s,x,p
8.81,,,,g,d,a,f,x,y,x,f,e
10.51,,17.54,,,d,a,f,s,,x,f,e
,7.84,22.07,,p,d,a,f,,,x,s,e
6.82,6.14,15.25,,w,d,,f,f,,c,f,e
4.73,,7.94,,n,d,u,f,c,,x,x,p
,,,,u,d,w,f,x,,f,b,p
15.8,10.37,18.41,,w,d,a,,x,,o,f,e
3.99,6.59,3.43,,g,d,,f,f,s,f,p,e
,,7.97,,g,d,,f,x,y,b,f,p
6.02,8.25,6.98,,y,d,,f,f,s,p,,e
3.35,5.19,,,,d,u,r,x,,s,x,p
,5.15,10.49,,g,d,,f,,s,x,x,e
12.34,9.2,25.14,,n,,a,f,x,,s,x,e
,5.92,3.65,,u,,a,f,f,,x,o,p
,10.06,13.22,,y,d,a,f,f,t,p,x,e
,7.62,14.73,,y,,a,,x,,x,s,e
,6.81,63.87,g,,d,,f,s,,p,x,e
,,,,w,,w,g,f,y,x,x,p
4.53,6.41,6.71,,r,d,a,f,c,,x,x,p
3.85,5.69,8.38,,w,d,,f,f,,x,b,p
8.6,9.24,12.99,,n,d,a,f,f,i,f,,e
6.72,7.85,13.58,,y,d,u,f,x,,p,,e
17.91,16.64,,,w,d,u,f,p,y,x,x,e
10.66,9.43,20.75,n,y,d,a,r,x,,,x,p
,14.27,,,,u,w,e,f,s,x,x,e
8.61,8.41,20.04,,b,d,w,f,f,,x,,e
,5.7,13.87,,n,,a,f,,,s,o,p
5.84,5.56,7.83,,w,,a,f,s,s,f,x,e
15.9,16.26,34.0,,w,,a,f,p,y,x,x,e
11.44,7.56,20.9,,w,d,u,f,x,,x,x,e
,4.89,21.48,,b,d,a,f,f,,,x,e
7.45,,14.33,,w,d,a,f,s,,p,x,e
6.12,4.37,6.33,,n,,u,f,f,,x,f,p
1.11,3.95,2.7,,k,g,u,f,b,,,c,p
,3.63,5.06,,n,d,u,f,,k,c,p,e
13.96,5.67,24.99,,,l,a,f,s,,f,s,p
8.84,5.85,10.18,p,p,d,s,,x,i,o,x,e
,7.45,14.28,,w,g,u,f,p,,f,f,e
9.02,7.91,16.25,,y,,u,,x,,s,p,e
7.6,8.01,13.05,,y,d,a,f,x,s,f,b,e
4.59,,0.0,n,w,d,u,f,,f,f,s,p
3.93,5.87,5.67,,w,d,w,,f,k,s,f,e
4.06,,7.21,,e,,,f,x,,f,x,e
,5.96,11.26,,w,,a,g,x,,,x,e
1.73,,2.06,,w,g,,f,,t,f,x,e
3.25,,2.73,p,,g,,f,f,,,f,p
,4.33,7.17,,g,d,u,f,f,,x,x,e
6.04,4.27,7.47,,w,d,a,f,s,s,x,x,e
10.97,,19.32,,w,,u,p,x,,x,x,p
8.95,7.91,,,y,g,a,,x,s,x,f,e
4.07,7.05,8.02,,w,,a,f,x,,f,s,p
,15.44,18.14,,p,d,a,f,p,,s,x,p
4.72,0.0,0.0,n,w,d,a,f,o,f,x,,e
8.13,6.47,17.26,,y,d,a,f,f,,c,x,e
,5.42,1.98,,w,,u,f,x,t,s,f,e
18.18,20.7,84.05,,,d,u,f,p,,x,b,e
7.71,5.05,17.47,,w,d,u,f,,,x,p,e
6.85,7.52,15.88,,y,d,,f,x,,s,,e
6.26,6.09,14.68,,y,d,a,f,x,,s,x,e
,7.91,9.27,,n,d,u,,x,,x,s,e
9.76,8.35,18.68,,n,,,p,x,,f,x,e
,,1.32,,g,d,a,f,,,x,x,e
,5.37,5.22,,n,d,a,l,x,t,,x,e
4.21,4.47,10.63,,n,d,,f,x,,f,f,e
13.46,2.6,17.56,,w,d,a,f,f,,x,x,e
5.4,,8.56,,w,,a,f,x,,,f,e
5.52,6.3,12.49,,y,d,a,f,x,,x,f,e
7.16,7.56,18.19,,,d,w,f,f,,f,b,e
10.44,7.79,,,,,a,f,s,,x,f,p
7.82,6.9,,w,w,d,a,,p,,s,x,p
1.49,5.29,,,g,l,u,f,c,,x,x,e
5.63,3.96,,,w,d,a,f,x,,x,f,p
2.51,5.24,5.56,k,k,d,a,,f,s,f,c,e
,6.07,14.83,,n,,a,f,x,,f,x,e
,7.76,13.76,,,d,u,f,x,,f,x,e
,9.68,24.39,,,,u,f,x,,s,p,e
10.33,8.35,24.5,,w,d,a,f,s,,x,x,e
1.59,5.7,2.64,,,d,s,f,x,,x,b,e
14.24,6.61,26.29,,w,d,u,f,s,,x,x,e
6.91,3.37,8.18,,w,d,,f,,,b,f,e
,5.2,5.93,,r,l,u,f,x,,f,s,e
,4.81,6.14,,e,d,a,f,x,,f,f,p
8.82,6.29,16.06,,w,d,u,f,x,,,x,e
6.42,,6.91,,w,g,u,f,s,,f,s,e
,6.65,7.46,,f,d,a,f,s,,x,f,p
,8.61,13.26,w,w,d,,,x,i,,f,e
,4.08,1.95,,,m,s,e,p,t,x,o,p
4.56,7.08,4.35,,u,d,u,,x,,f,x,e
7.5,7.32,17.7,,y,d,a,f,x,,o,f,p
,3.17,3.36,,w,p,a,f,c,i,x,x,p
4.56,,5.06,,u,l,a,f,,s,f,o,p
,7.44,22.26,,n,d,w,f,f,,x,f,e
53.09,4.76,20.55,,y,,u,f,,k,f,x,e
,,4.65,,g,,,f,b,s,s,s,p
,5.71,7.73,,g,d,a,f,x,y,b,x,p
6.31,7.46,11.95,,p,d,u,f,x,y,x,f,e
,3.65,1.28,,n,g,,f,b,t,x,x,p
6.64,5.93,15.05,,p,d,u,f,x,i,x,x,p
3.39,,5.53,k,n,,a,,b,,f,x,p
4.28,5.91,6.48,,y,g,a,f,x,g,x,f,p
11.09,8.07,22.22,,b,d,w,f,s,,f,x,e
8.71,8.09,7.58,,k,d,a,z,x,i,b,x,p
3.06,5.1,3.15,,w,,u,f,b,,x,o,p
6.46,6.05,8.56,,w,h,u,f,s,s,s,b,e
,5.06,12.73,,o,d,u,f,s,,x,,p
16.9,17.1,35.42,,n,d,u,f,p,y,s,f,e
,3.95,2.74,p,,g,,,x,,c,s,p
4.52,4.62,6.07,,y,d,,,b,i,,x,p
8.3,9.21,8.53,,k,d,u,z,x,i,s,f,p
4.19,4.24,7.29,,g,d,a,f,f,,p,x,e
,5.16,38.4,,,d,w,f,,,f,,p
2.01,4.11,2.38,,w,g,a,f,x,,x,x,p
5.19,,12.81,,,d,u,f,x,,x,x,e
55.16,7.98,43.28,,y,,s,f,o,k,x,x,e
5.82,6.18,10.65,,p,d,,f,x,y,p,x,e
5.85,6.37,,,n,d,a,l,x,t,x,c,e
4.4,6.46,6.5,,k,d,u,f,f,s,b,f,e
,3.45,8.87,,w,d,,f,x,,x,b,e
1.97,4.0,2.55,p,p,g,a,f,f,,f,s,p
7.13,3.56,13.53,,w,d,u,f,f,,f,b,e
3.54,8.01,5.9,,n,g,a,,,,s,f,p
6.68,5.68,10.68,,w,d,a,f,f,s,x,x,e
1.65,,1.43,,n,,s,f,b,t,x,x,p
7.98,6.39,12.02,,y,,,f,x,s,p,x,e
4.6,7.04,41.47,g,f,d,w,,o,,f,x,e
,5.67,10.8,,,d,,g,x,,f,x,e
25.56,21.76,101.69,,w,d,a,f,p,,f,s,e
3.99,4.03,6.74,,g,,,f,f,,f,f,p
1.18,5.81,1.11,,p,d,u,f,f,,f,x,e
4.38,10.8,7.09,k,,g,u,,b,,s,x,p
,5.42,17.21,,w,d,u,f,f,,o,b,p
0.97,3.39,1.76,,g,d,,f,b,,f,x,e
12.58,21.57,15.32,,,d,a,m,p,,x,x,e
,5.67,7.26,,y,g,a,f,x,g,o,x,p
6.07,8.42,73.8,,f,d,,f,s,,f,x,e
5.17,6.25,5.71,,y,d,w,f,x,s,f,f,e
,6.37,,,w,d,s,,f,k,c,s,e
6.76,12.86,13.19,,w,,a,f,,s,s,f,e
8.56,6.1,17.67,,g,d,a,f,x,,x,s,e
,8.18,10.51,,w,d,u,f,x,i,f,p,e
3.69,5.54,8.59,,p,d,u,,x,,o,x,p
,6.94,19.34,,b,,,f,f,,x,p,e
14.34,5.39,,,y,d,u,f,f,k,f,x,p
,,46.51,,,d,u,f,o,k,x,x,e
,6.72,22.99,,k,,u,f,x,,,p,e
6.79,6.32,8.76,,w,l,w,f,x,s,x,,e
2.12,7.21,3.75,,p,l,u,f,f,i,f,b,e
,7.42,4.55,,,d,u,f,,s,x,p,e
4.18,5.73,9.22,,,,a,z,x,,f,,p
9.39,8.0,20.02,,y,d,a,f,f,y,x,,p
6.6,5.06,12.43,,n,w,,r,f,,c,x,e
,5.08,6.55,,w,,u,f,x,,x,f,p
3.65,5.03,6.46,,w,,a,f,x,,f,x,p
,,20.34,,,,s,f,p,,f,f,e
6.53,5.95,10.9,,g,,a,f,f,s,f,s,p
4.55,5.75,5.3,,n,d,w,,x,s,f,b,e
4.03,,4.65,,y,d,u,f,f,,,x,p
3.07,9.53,2.38,k,k,,a,f,b,,x,,p
,8.83,15.91,,w,,a,,x,,s,f,e
7.24,4.39,20.15,,w,d,a,f,o,,o,f,e
,,22.52,,,d,,f,x,y,x,b,e
9.75,,9.39,p,p,d,u,f,x,i,o,x,e
0.57,,0.98,,p,h,u,,c,,x,x,e
,28.82,22.38,,w,m,a,m,f,,x,x,e
,6.19,41.67,,y,d,s,f,o,k,x,s,p
5.9,6.33,9.24,,,l,w,,x,,c,f,p
9.46,,19.31,,b,d,a,f,f,,,x,p
,,14.79,,,,a,l,x,,f,f,p
,5.18,,,y,d,s,f,f,s,f,,e
,7.12,14.7,,y,d,u,f,,,x,x,e
,,5.02,,w,d,,,x,,x,x,e
,4.17,4.38,,y,d,w,f,x,k,x,s,e
9.72,,17.97,,p,,a,l,,y,x,b,e
4.75,,55.33,g,f,l,a,f,o,,s,x,e
7.75,1.52,14.17,,,d,a,f,o,,f,x,p
21.08,30.52,24.32,,,,u,m,,,f,o,e
,5.72,4.18,,n,d,,l,x,t,b,f,e
4.25,3.99,7.76,,w,d,a,f,s,,,,p
4.22,6.86,,,p,d,a,f,b,,f,x,p
,,2.49,,g,m,a,e,p,t,x,x,p
5.89,6.16,12.01,,y,d,,f,x,,x,x,e
12.12,6.88,22.17,,,,,f,x,,f,s,e
6.27,7.68,,,w,d,a,f,s,,x,b,p
16.45,26.18,20.97,,w,m,u,m,f,,x,s,e
3.14,6.57,3.22,,k,,,f,b,,f,x,e
,4.0,6.28,,,,a,f,x,,f,f,e
1.48,5.32,2.46,,k,d,w,f,f,,x,c,e
6.31,,6.16,,,d,w,r,x,s,o,x,e
,4.72,,,y,d,,f,f,,x,s,p
,7.2,3.45,,,d,a,f,b,,b,b,e
4.0,4.73,10.47,,,,a,f,x,,s,x,e
,,4.59,,p,m,u,f,b,i,s,f,p
16.85,8.79,26.07,,w,,,f,s,,x,x,e
5.28,4.35,10.4,,o,d,a,f,x,,p,s,e
4.84,9.21,5.52,,,,a,f,x,g,f,x,p
6.43,6.47,5.34,,n,,w,l,x,t,f,s,e
,8.89,16.96,,p,l,a,p,x,y,f,b,e
4.7,4.69,5.39,,w,d,w,r,x,y,x,x,e
1.99,,5.93,,y,m,a,,f,,p,f,p
4.9,7.05,5.3,,n,d,,f,f,,,x,p
1.25,3.25,5.24,,f,d,u,f,,,x,x,p
4.52,5.74,14.68,,f,d,a,f,x,,s,o,e
8.41,8.0,,,,d,u,p,p,y,f,s,p
0.56,,0.91,,o,g,,f,f,,x,x,p
14.79,,83.88,,w,,a,f,p,,x,b,e
8.12,6.24,23.52,,w,d,w,e,f,,x,x,e
3.13,6.97,3.16,,n,d,a,f,b,,f,b,e
,,17.79,,k,,a,f,b,,p,o,p
5.95,7.54,10.9,,n,d,,z,x,,x,x,p
,4.17,5.79,,o,m,a,f,x,,x,x,e
6.98,,10.54,,p,d,u,f,x,,x,b,p
,11.43,16.32,,w,d,u,e,f,,f,f,e
4.34,5.61,6.92,,y,,,f,x,g,,x,p
,4.63,14.26,,f,d,u,f,x,,x,s,e
,,17.19,,w,d,w,,x,y,x,f,e
17.95,18.6,69.22,,w,d,,f,x,,x,x,e
4.22,4.98,4.91,,y,d,,f,x,s,x,x,e
,4.78,,,y,,u,f,b,t,x,x,p
,,12.28,,n,d,u,f,f,,x,x,e
0.59,3.53,0.93,,p,d,u,f,x,h,s,f,p
3.84,4.64,10.33,,,d,,f,x,,,p,e
7.28,,13.86,,w,g,u,l,x,,o,f,p
6.35,5.52,11.56,,y,g,s,f,c,,f,s,p
,3.5,,,p,g,a,f,f,,x,f,e
11.03,6.67,26.48,,p,d,,f,s,,,,e
,12.39,12.64,,w,d,a,f,x,,o,f,e
,5.5,20.62,,y,d,a,f,s,,f,x,e
,2.77,6.43,,w,g,a,,f,,x,x,p
,,78.67,,w,d,,f,x,,f,s,e
3.35,4.24,,,p,d,u,f,s,,x,x,e
,7.53,17.83,,n,d,a,p,x,,x,b,e
,,2.8,,k,,a,f,b,,s,o,p
,10.12,,,w,g,u,,x,,x,p,e
,5.32,6.93,,n,,,,f,i,x,,p
17.1,8.73,26.37,,w,d,,f,x,,x,f,e
10.04,6.24,19.04,,b,l,a,f,s,,x,x,e
5.22,5.72,11.14,,w,,a,f,,s,x,f,e
1.6,4.84,1.59,,n,d,s,f,x,,x,,p
3.54,5.25,6.49,,,g,a,f,,,x,p,e
,7.78,30.05,,w,m,,f,f,,x,x,e
9.27,6.52,15.77,,,,u,p,x,,x,s,e
,26.74,20.58,,w,m,u,m,p,,x,x,e
,3.86,3.65,,n,p,,f,c,i,x,c,p
3.85,4.94,6.04,,p,d,u,f,f,,b,x,e
,11.02,25.03,,g,,u,f,x,y,c,x,e
8.86,3.81,23.99,,f,d,s,f,o,g,x,x,p
7.93,,12.08,,o,d,a,f,s,,x,x,p
7.37,6.63,10.41,,p,d,,f,x,,x,f,e
3.61,4.49,6.67,,o,,u,f,x,,x,x,e
,,6.22,,y,d,u,,x,i,x,x,p
4.62,5.09,3.75,,g,d,u,f,f,s,x,f,e
,6.85,15.12,,,g,a,f,x,,x,f,e
,6.06,24.66,,,d,w,e,x,,o,p,e
3.6,5.21,5.5,,,l,a,f,b,s,f,x,p
,5.68,10.48,,,d,,f,f,s,f,o,e
0.96,3.12,1.69,,g,d,w,f,p,,b,f,p
1.44,5.01,1.64,,w,l,a,f,c,,f,x,e
4.78,5.55,6.44,,,,u,f,x,,f,b,e
2.8,4.54,2.92,,g,d,s,f,b,,s,b,e
7.57,8.34,14.38,,w,d,,,x,,x,x,e
4.5,6.13,6.55,k,n,d,a,f,f,,x,x,e
4.39,8.28,10.1,,n,,s,,x,,b,x,e
,7.16,12.05,,y,h,,f,x,s,f,o,e
,2.79,5.29,,,m,a,f,f,,x,b,e
7.24,6.58,29.79,,w,d,s,f,x,,,x,e
5.86,5.47,6.45,,n,d,w,r,x,s,s,x,e
5.62,10.54,,,,,a,g,f,,x,c,p
12.03,6.49,25.23,,,,a,e,x,,f,x,e
,8.47,9.81,p,,d,u,f,x,i,x,x,e
,5.1,16.88,,o,d,u,f,s,,x,p,e
,0.0,0.0,,f,d,w,f,o,f,x,s,p
22.72,19.15,89.09,,y,d,u,,p,,f,o,e
3.74,5.46,4.48,,y,d,w,f,f,k,x,x,e
15.36,10.19,17.73,,w,g,u,,x,,x,x,e
5.05,5.88,6.68,,w,d,a,f,s,,p,x,e
9.4,,25.5,,w,,,e,f,,s,,e
19.46,15.3,34.13,,w,d,,f,x,y,x,s,e
5.69,,4.77,,,d,w,r,,s,f,x,e
6.92,7.95,11.17,,w,,,f,f,s,x,x,e
9.98,8.65,10.95,p,p,,,f,x,i,s,p,e
8.96,4.89,15.19,,w,d,a,f,s,t,x,x,p
,5.52,,,f,d,,,o,,x,x,e
,3.81,21.86,,w,,u,,s,,p,x,e
,3.31,8.36,,w,g,,,x,,x,f,p
13.39,4.94,25.0,,n,d,,f,f,,f,f,p
,12.35,26.2,,y,d,w,r,x,,f,c,p
,,0.69,,y,d,u,f,x,,x,x,p
11.81,8.83,28.09,,o,,u,f,x,,x,x,p
3.12,5.08,6.75,,,m,a,f,x,,x,x,e
5.72,5.82,10.65,,w,l,w,f,x,,x,x,p
,,17.89,,,d,a,p,x,,p,f,p
13.48,7.92,24.61,,w,l,w,f,s,,x,x,e
11.04,8.48,,w,w,d,w,,f,i,p,s,e
12.75,8.6,24.47,,,d,,f,f,,f,x,e
5.87,5.81,14.18,,w,d,u,f,x,s,x,f,e
,4.8,9.73,,w,,u,f,x,y,b,x,e
9.93,,42.08,,,d,,f,p,,,s,e
3.4,7.83,5.7,k,r,d,w,z,b,,x,,p
8.46,8.69,21.88,,w,d,,f,x,s,x,c,e
,6.04,15.4,,w,d,a,f,f,,f,b,e
5.89,5.49,3.73,,,,w,l,x,t,,f,e
,5.8,14.22,,w,d,a,f,x,y,s,,p
1.65,5.22,1.71,,,l,a,f,,,x,o,e
,6.36,16.91,,y,d,a,f,s,,f,x,p
2.36,3.16,4.62,,y,d,u,f,f,,s,x,p
12.73,,25.97,n,y,d,w,,x,,x,o,p
11.18,5.37,13.53,,n,h,u,f,x,,,f,p
,,7.19,,g,g,a,f,x,,b,,p
4.57,4.93,10.14,,,d,a,f,x,,c,f,e
4.04,4.24,6.45,,,m,a,f,x,,p,p,e
,6.28,11.55,,n,,u,f,x,,x,b,e
9.73,7.6,26.85,,o,d,u,,x,,f,b,p
2.57,5.68,6.12,k,n,d,u,f,,s,s,x,e
,6.04,12.96,,n,d,u,f,x,,b,,e
,,0.84,,,,a,f,x,,f,x,p
,7.48,14.13,,y,d,,,x,,f,f,e
,3.05,2.46,,w,,a,f,x,h,f,o,p
1.73,7.46,2.37,,w,g,u,f,x,t,c,x,e
,5.17,2.51,,k,d,,f,f,,s,s,e
1.73,3.32,3.41,,w,d,u,f,c,i,c,x,p
7.08,5.96,10.37,,w,d,u,f,f,s,s,o,e
1.68,5.01,2.74,,g,g,u,f,f,,p,s,e
,6.42,3.21,,n,d,a,,b,,f,x,e
4.66,3.71,13.64,,w,d,a,f,x,,b,f,p
10.36,,18.77,,,,a,p,x,y,f,x,e
19.37,19.32,19.79,,,,a,m,p,,f,f,e
,8.15,,,,g,u,l,x,,o,f,p
,7.0,17.8,,w,,u,f,x,s,s,x,e
,6.67,25.7,,y,d,u,f,s,,x,x,p
8.09,4.59,24.78,,,,a,f,s,,f,s,e
3.33,3.79,7.63,,w,,a,f,f,,f,f,p
2.24,4.72,2.98,,p,h,u,f,s,,,x,e
,13.39,,,w,d,,f,x,g,p,x,p
9.82,7.42,20.11,,y,d,a,f,f,y,f,o,p
,8.51,16.46,,y,,a,f,x,,f,x,e
,4.23,2.95,,w,g,a,f,b,,,x,e
6.18,5.8,11.78,,,,u,f,x,,x,x,e
3.39,7.31,,,,d,u,f,x,,x,x,p
0.75,3.36,0.77,,y,d,u,f,x,,x,x,p
,10.95,27.15,,g,d,,f,x,y,x,x,e
6.8,5.06,11.89,,o,d,a,f,s,,x,,p
,3.72,2.31,p,,g,,f,f,,f,s,p
,,9.77,p,p,d,s,f,x,i,,x,e
4.0,2.77,6.05,,y,d,u,f,s,,s,,e
,9.35,9.59,,w,h,a,f,x,i,x,s,p
10.58,,27.71,,f,d,u,f,o,g,b,x,p
17.64,,36.5,,n,d,,f,p,,x,b,e
12.22,,18.03,,p,d,u,f,x,i,x,o,p
0.94,3.8,2.59,,k,m,,f,b,,x,x,p
,5.8,20.6,,f,l,,f,c,,x,x,e
0.64,,1.05,,o,g,a,f,f,,f,x,p
14.19,9.9,30.83,,,d,a,f,x,,f,x,p
,4.82,3.62,,w,d,u,r,,y,f,p,p
,5.2,5.96,,y,d,a,,b,i,b,f,p
1.5,,,,w,,a,f,x,t,c,x,p
,,9.42,,,d,a,f,x,,x,f,e
,12.87,11.86,,,d,a,e,b,,f,f,p
1.52,5.82,2.12,,,h,u,f,x,t,f,b,e
,5.35,9.48,,g,d,u,,,,x,c,e
,8.15,22.78,,y,d,u,f,x,,p,x,e
8.34,4.61,13.06,,,d,a,f,s,t,f,o,p
7.49,3.58,8.99,,p,d,a,f,s,,f,s,e
6.69,6.45,10.47,,p,d,u,f,x,y,x,x,p
2.12,,3.5,,y,g,u,f,f,,x,x,p
5.49,,11.97,,b,,,f,x,,o,o,e
7.36,6.16,,,y,d,,,x,i,,x,p
,,3.26,,g,d,w,f,b,s,x,x,e
,,11.22,,p,,u,f,x,y,f,x,e
57.4,9.29,57.22,,y,,u,f,o,,x,,e
,,7.27,,,g,,f,x,,s,f,e
,8.59,19.63,,,d,a,f,x,,s,c,p
,,,,k,,,f,x,s,x,s,p
7.67,4.55,12.78,,w,d,,f,,s,x,o,e
,3.18,8.54,,o,,a,f,x,,x,x,e
1.72,5.54,2.66,,k,g,,f,x,s,x,x,p
,5.77,24.07,,w,d,u,f,f,,x,b,p
,,10.42,,w,d,,f,,y,x,b,e
20.71,17.46,85.02,,w,d,a,f,p,,x,x,e
,5.27,,,w,g,,f,f,i,o,x,p
,,2.85,,n,m,u,f,b,,o,f,p
8.54,5.41,16.58,,f,d,a,f,f,,o,s,e
3.52,4.75,6.36,,,m,w,f,x,,f,,e
,,7.97,,w,d,a,f,x,,c,x,e
,7.48,11.27,,w,l,,f,f,s,s,x,e
,6.8,2.81,,k,d,,,b,,p,f,e
7.56,5.4,16.37,,o,d,a,f,s,,b,f,e
,5.06,6.7,,,g,a,f,x,,f,p,e
,5.85,12.26,,r,d,a,f,x,,s,f,e
,3.76,3.4,,n,m,a,e,b,k,x,s,p
6.54,,13.02,,y,h,u,f,x,s,f,s,p
6.22,,23.03,,g,d,a,f,x,y,,x,e
,4.92,9.08,,,d,a,f,x,y,f,x,e
5.36,7.84,6.03,,w,d,s,f,f,s,f,x,e
4.0,4.81,9.85,,,d,a,f,,,s,,p
19.06,18.63,76.66,,y,d,a,f,p,,x,x,e
,15.01,8.47,,w,d,a,f,f,g,x,c,p
,14.08,,,,,u,f,f,g,c,,p
5.79,8.29,16.42,,,d,u,f,x,,x,c,e
8.35,,15.79,,,d,a,f,x,,x,f,e
,7.26,13.85,,w,g,a,f,x,,x,f,e
9.1,8.87,18.62,,y,d,a,p,x,,x,f,e
,4.21,21.2,,w,d,u,f,s,,f,f,e
,5.31,4.31,,w,d,,f,b,,s,f,p
2.89,4.67,6.69,,e,g,a,f,x,,f,p,e
10.15,,18.24,,p,l,,l,p,y,f,f,e
,8.7,11.6,,y,d,,f,f,t,,x,e
,6.62,13.64,,,,u,f,x,,,x,e
3.6,,7.59,,o,d,a,f,f,t,f,f,p
5.14,3.86,20.25,,f,d,,f,,,o,f,e
,,13.37,,n,g,a,e,p,,f,x,e
19.31,,20.51,,w,m,a,m,p,,x,x,e
8.51,4.62,13.35,,g,d,u,,s,t,x,s,p
,5.78,6.7,k,n,d,a,f,f,s,f,f,p
6.41,5.34,12.74,,n,g,a,e,f,,x,s,e
14.44,,24.17,,w,d,w,f,s,,f,s,e
,9.82,22.77,,g,,a,f,x,y,b,,e
10.82,6.75,16.73,,p,d,u,f,x,i,f,p,p
,,26.56,,w,,,e,x,,x,s,e
9.59,4.73,20.49,,b,d,a,f,,,f,s,p
,4.8,8.19,,w,d,,f,f,,o,f,e
12.02,12.59,17.07,,w,d,a,g,x,,b,x,e
,,15.29,,w,d,w,,x,i,x,p,p
,9.25,16.62,,w,g,,,x,,x,f,e
,3.68,1.15,,,h,u,f,b,t,x,x,e
6.73,6.33,13.14,,w,,u,g,x,,x,x,e
17.19,6.77,21.58,,y,,w,f,x,,f,f,e
7.06,4.89,19.19,,g,d,a,f,x,,s,f,e
,3.64,6.05,,,g,,f,f,,x,x,e
,7.19,14.3,,y,d,,f,x,,x,,e
,9.16,70.94,g,,d,u,f,o,,x,f,e
7.35,4.74,14.75,,w,d,u,f,x,,,x,p
,15.87,8.12,,w,d,a,f,f,g,x,x,e
6.71,5.78,12.1,,w,d,u,g,x,,b,x,e
6.39,3.56,9.98,,p,g,a,f,s,,f,f,e
,8.98,26.24,,w,d,a,f,x,,s,f,p
,,89.19,,y,d,u,f,,,x,x,e
,,16.67,,w,d,,f,x,,x,f,e
,,23.86,,,d,u,f,x,y,x,f,p
8.31,8.26,14.0,,w,d,a,l,x,,x,x,p
0.74,,0.8,,y,,a,f,x,,f,s,p
11.25,7.6,15.81,,w,d,a,,x,i,x,x,e
,6.53,14.3,,y,d,a,,x,,s,x,e
,,,,y,d,a,f,f,i,b,x,e
7.38,8.74,11.52,,n,d,a,f,f,,b,f,e
,,23.25,,w,d,u,f,s,,x,x,e
,1.19,13.62,,,,w,f,o,,x,x,p
,,2.71,,w,d,,f,x,,s,,p
,12.49,12.06,,w,,a,,,s,x,p,e
,8.04,11.34,,w,l,a,f,f,s,x,b,e
,5.39,1.54,,w,d,a,f,,,x,x,e
,,18.41,,g,m,,r,p,,x,x,e
,7.8,7.73,,n,d,a,,x,,b,b,e
,8.58,18.17,,y,d,u,f,,,s,s,e
,5.39,14.09,,w,,,f,s,,x,x,e
8.87,,20.0,n,o,d,a,r,x,,o,s,p
,5.32,8.5,,w,d,a,f,f,,o,s,e
12.59,,18.6,,w,d,u,g,x,,b,b,e
3.59,6.05,,,w,d,a,f,f,,b,o,e
3.83,10.16,6.19,k,n,g,u,,b,,x,o,p
4.42,,10.03,,w,d,a,,x,,p,p,e
,7.02,14.51,,y,d,u,,x,,x,o,e
11.98,10.41,30.6,p,p,,u,f,p,,x,,p
2.17,6.31,4.19,,w,d,w,f,x,,f,x,e
8.53,7.07,12.88,,,d,a,f,p,,f,,e
10.76,,12.93,,p,d,u,,s,,x,f,p
7.75,11.62,25.04,,,,a,f,x,y,x,f,e
,5.23,8.41,,,d,,f,s,,f,f,p
,11.59,12.12,,,d,u,f,c,s,f,,e
0.82,,1.49,,g,d,a,f,b,,x,b,p
4.06,,8.22,,w,,u,f,s,,x,x,p
,2.42,1.34,,g,,s,f,,,f,x,e
9.24,11.33,15.8,,w,d,,g,f,,,x,p
2.12,6.53,,,n,m,s,f,b,,x,s,p
,7.37,13.83,,w,d,,,x,,x,,e
,8.87,17.91,,y,d,,f,x,,s,x,e
18.01,15.49,36.38,,,d,a,f,p,y,c,f,p
,4.61,5.04,,n,d,a,r,x,s,p,,e
,5.79,,,y,d,a,f,x,,,x,p
10.9,,19.2,,b,d,,f,f,,b,x,e
4.47,6.63,4.3,,n,d,a,f,x,,f,x,p
,6.28,15.96,,w,,,f,x,,x,f,e
7.76,5.23,17.5,,w,d,,f,f,,s,x,p
,4.65,9.28,,n,d,,,x,,b,x,e
,7.03,17.09,,n,h,a,f,,,x,x,e
3.87,4.55,,,w,d,a,f,f,k,x,s,e
3.52,4.41,6.0,,o,,a,f,x,,,,e
7.34,7.07,29.75,,w,,u,f,f,,x,x,p
3.77,6.0,4.84,,u,l,,f,s,s,x,x,p
,,11.42,,,d,u,f,x,,x,x,e
,6.04,3.69,,w,d,,f,f,,x,f,e
,6.75,,,y,d,a,f,,,b,,e
5.69,3.52,9.46,,w,d,,f,x,,x,x,p
6.34,6.88,7.49,,r,d,a,f,c,,x,s,p
2.9,5.64,6.49,,f,d,a,f,s,,x,f,p
,5.15,,,g,d,u,f,f,s,x,o,e
,17.7,34.0,,w,d,a,f,x,y,f,,e
11.13,10.01,15.45,w,w,d,a,,f,i,s,,e
0.62,,0.85,w,o,g,a,f,x,,o,x,p
4.65,8.19,9.95,,w,d,u,,x,,f,s,e
13.39,10.27,17.57,,w,d,u,,x,i,b,b,e
8.71,,18.77,,n,d,,f,f,,b,x,e
6.02,6.61,5.58,,n,d,u,l,x,t,x,f,e
,8.99,18.68,,,,a,f,x,,f,f,p
6.39,7.52,14.54,,y,d,u,f,x,,x,f,e
,4.85,1.69,,,,s,,b,t,s,x,p
1.02,,1.0,,,d,,f,c,,f,x,e
3.27,6.16,3.52,,w,d,u,r,x,y,b,x,p
,4.75,3.19,,w,d,,f,f,i,p,b,e
,5.87,20.61,,f,l,s,f,c,,x,b,e
,,7.56,,r,d,a,f,x,,s,x,e
9.95,,11.36,p,p,d,,f,x,i,o,x,p
,3.58,5.73,,e,g,u,f,x,,p,b,e
2.41,5.49,,,n,d,s,f,b,,x,,e
,4.53,13.65,,w,d,a,f,,y,p,f,p
,5.51,12.28,,b,,a,f,f,,x,x,p
9.18,7.44,36.63,,w,d,u,f,f,,x,x,e
,5.35,7.92,,,d,a,f,s,,f,s,p
6.94,,13.8,,f,d,a,f,f,,s,f,e
,,17.71,,,d,a,p,p,y,,p,e
1.56,5.36,1.74,,w,,a,f,,t,s,,e
,2.96,5.46,,w,m,w,f,f,,x,x,e
9.43,8.45,23.08,,,d,a,e,x,,,x,e
9.95,5.57,21.24,,,d,a,f,f,,x,c,e
5.97,5.87,11.88,,,d,u,g,,,x,x,e
,8.47,27.3,,n,d,u,f,s,,x,p,e
,3.96,9.94,,,d,,f,x,,x,x,e
,10.62,18.62,,w,d,u,,x,,o,,e
5.53,,12.03,,n,d,,f,x,,f,f,e
8.99,,12.82,,y,,u,f,,s,x,f,e
17.98,24.08,19.36,,w,m,u,m,f,,x,x,e
7.02,5.37,13.3,,k,g,a,e,x,,s,o,e
10.32,7.08,19.06,,u,l,,,s,,x,x,e
1.19,3.36,5.7,,f,d,,f,f,,f,f,p
,,,,w,,u,f,s,,x,x,e
5.72,4.53,,,w,,,f,s,s,f,f,e
7.69,6.59,19.52,,u,,w,f,f,,,x,e
9.12,,9.44,,p,d,s,f,x,i,b,x,e
17.81,,20.58,,w,d,a,m,f,,,s,e
,5.02,1.42,,w,d,a,f,c,,,x,p
13.99,2.48,13.32,,w,,a,f,f,,x,p,p
49.03,5.53,27.69,,y,d,u,f,o,k,x,s,e
,5.43,2.78,,n,g,a,f,x,,x,x,p
2.87,3.48,2.28,,w,g,a,f,s,h,s,f,p
8.31,,15.05,,w,,,f,p,,x,x,p
,9.33,,,y,d,a,,x,,x,s,e
6.93,5.8,6.04,,,d,a,r,x,y,f,f,e
,8.21,27.22,,,d,w,e,,,x,s,e
,,14.24,w,w,,u,,f,i,x,s,p
,,20.71,,w,d,a,f,x,,x,x,e
,14.98,35.02,,w,,u,f,p,y,b,x,e
,,18.66,,,d,a,m,f,,b,s,p
,7.64,18.09,,,,a,f,x,i,s,b,p
11.68,,12.61,,p,g,a,e,,s,x,f,e
4.12,4.35,7.17,,y,d,,f,x,,c,x,p
,4.96,1.48,,w,d,a,,,,x,s,p
9.24,,16.99,,p,d,a,l,p,y,f,s,e
13.28,,27.34,,w,d,u,f,s,,c,f,e
,2.87,7.22,,w,,a,f,f,,,x,p
1.41,4.56,1.2,,g,,u,f,c,,x,x,e
23.5,9.23,26.7,,k,d,a,f,x,,s,f,e
,7.98,25.69,,e,d,u,f,x,,x,s,p
4.83,,5.06,,y,l,a,f,f,,s,,p
,9.46,,w,w,d,u,,x,i,x,f,e
9.92,8.93,32.56,,w,m,u,f,x,,x,s,e
3.37,6.52,3.78,,p,l,a,f,f,,s,x,e
,10.1,15.18,,n,d,a,f,x,,s,x,p
5.95,7.54,12.73,,w,,u,p,p,y,s,x,p
,5.76,7.37,,y,d,,f,f,,b,x,p
3.01,4.02,6.57,,e,g,w,f,,,,,e
4.76,7.05,4.25,,,,a,f,x,,f,f,e
3.12,4.12,2.72,,w,g,a,f,b,,x,x,e
3.24,3.64,15.22,,f,d,a,f,o,g,x,b,p
14.92,9.65,31.66,,,d,,f,x,,,x,p
,6.0,17.1,,o,d,u,f,s,,c,f,e
5.03,8.3,9.34,,w,g,a,,x,,x,x,p
,6.84,4.29,,n,d,u,,f,,b,f,e
5.89,8.02,11.4,,,g,a,,p,s,f,,p
6.49,3.8,19.57,,w,d,u,f,o,,x,f,e
4.99,6.9,4.12,,w,d,a,f,x,,s,x,e
,9.49,5.05,,p,l,,,f,,f,x,p
9.83,,,,,d,u,,x,,o,p,e
7.26,5.75,7.98,,,h,,f,s,s,c,b,p
,7.29,52.4,g,,d,u,f,s,,f,f,e
14.67,7.79,,,w,l,a,f,x,,f,x,e
6.5,,13.39,,w,d,u,f,x,s,x,x,e
,9.58,16.45,,,m,u,l,f,,f,x,p
3.0,6.61,4.57,,u,d,,f,x,,b,x,e
,7.5,3.3,,k,d,u,f,b,,b,f,e
,5.4,17.05,,,d,u,f,s,,f,b,e
13.16,,11.84,,,d,u,e,f,s,x,x,e
10.47,2.5,14.81,,w,d,w,f,f,,f,o,e
,5.21,18.85,w,k,d,w,f,s,,f,x,e
,3.86,8.39,,,d,u,f,x,,x,f,e
7.27,4.45,13.7,,w,d,a,f,f,,f,f,e
10.43,9.64,30.8,w,w,d,u,f,p,,s,o,p
,7.19,15.44,,p,d,u,f,s,,x,x,p
8.32,7.65,16.21,,g,m,u,r,p,,x,o,e
,3.57,2.21,p,p,,u,f,x,,s,p,p
,,10.09,,w,l,w,f,x,s,b,p,e
9.92,11.47,12.73,,y,d,u,,x,y,x,,p
,17.14,36.51,,n,d,a,f,p,y,x,f,e
,4.55,10.33,,p,d,w,f,x,,f,b,p
,4.63,18.76,,n,,a,f,x,,s,f,e
,6.37,3.08,,k,d,,f,b,,x,x,p
,6.1,15.77,,,d,a,f,x,,p,b,p
9.71,,12.79,,w,h,a,f,x,i,x,p,p
10.19,9.04,17.87,,p,,,l,x,y,b,x,e
6.35,5.77,12.7,,y,,u,f,x,,o,x,e
5.52,5.55,15.85,,y,d,a,f,f,,x,s,p
,7.41,7.92,,y,m,,f,,,f,f,p
,,11.96,,y,g,a,f,x,s,x,f,e
,6.46,18.02,,o,d,a,f,s,,x,x,e
,,14.23,,,d,,f,f,,x,x,e
,7.08,15.59,,w,d,,f,f,,x,f,e
7.87,5.89,13.28,,y,d,u,f,x,,x,c,p
2.77,0.0,0.0,,f,d,,f,o,f,f,x,p
6.11,13.32,5.4,,w,d,u,,x,g,s,x,p
17.36,32.03,22.64,,w,m,a,m,f,,f,f,e
10.68,6.93,19.31,,u,,w,f,f,,x,b,p
,4.91,1.94,,g,,a,f,b,s,x,x,p
9.06,7.97,14.43,,n,h,a,f,x,,c,f,p
,14.92,23.48,n,o,d,w,r,x,,x,x,p
3.6,5.14,7.74,,w,d,,f,f,,b,x,e
4.07,,7.07,k,k,d,u,f,,s,x,f,e
,,17.02,,w,d,,p,x,y,x,x,p
55.49,7.69,56.96,,y,d,u,f,,k,x,o,e
7.81,7.78,15.16,,y,d,u,,x,,x,x,p
5.86,4.36,13.39,,,w,a,l,x,,s,x,e
,5.01,28.6,,f,d,a,f,o,g,x,x,p
,4.74,6.48,,,l,a,f,s,s,f,o,e
3.83,5.47,6.55,,y,g,a,f,x,g,x,p,p
4.43,4.7,10.18,,n,d,a,f,x,,x,x,e
3.3,4.72,,,p,d,a,f,f,,s,x,e
9.34,2.25,13.66,,y,d,w,f,f,,x,f,e
1.95,5.56,3.15,,n,,u,f,b,,s,,p
6.65,,16.96,,w,d,,,o,,s,f,e
9.48,4.94,20.36,,b,d,a,f,f,,,x,e
,5.43,11.91,,b,,w,f,x,,f,x,e
9.38,5.1,24.27,,w,d,a,f,o,,x,f,e
,6.14,17.35,,o,d,a,f,s,,c,b,e
,6.46,12.46,,y,h,,f,x,s,x,b,p
4.94,6.64,8.11,k,n,,u,e,x,y,s,f,p
,6.11,,,f,d,a,f,s,,o,c,e
10.04,,17.64,,,,,r,p,,x,f,e
2.14,7.34,2.44,,,m,a,e,p,,f,f,p
,,5.19,,p,,u,f,f,,b,s,p
9.18,7.39,20.48,,w,d,a,f,x,,b,f,e
3.34,6.15,8.98,,p,d,u,z,x,,f,x,p
,,1.31,,g,d,,f,c,,s,f,e
,7.28,3.14,,y,g,u,f,f,,x,p,p
4.3,5.75,4.05,,,d,a,f,f,i,x,,p
3.04,4.81,2.87,,g,d,a,f,f,s,x,f,e
2.17,6.89,4.09,,p,l,u,f,f,i,f,,e
6.29,6.09,10.51,,w,g,u,f,f,i,f,,e
9.15,11.04,16.04,,w,,a,g,f,,x,x,e
8.04,13.8,7.68,,w,d,,f,x,g,s,f,p
2.74,4.78,6.15,,,d,a,f,s,,x,f,e
5.32,4.34,,,,w,a,l,x,,s,x,e
3.83,7.19,8.27,,f,,a,f,s,,f,p,e
11.31,9.2,15.7,w,w,d,w,,x,i,s,,e
,7.55,24.38,,w,d,,e,f,,x,x,e
5.29,7.0,7.46,,y,g,u,f,b,,f,b,e
11.65,10.41,28.61,,,,u,f,x,,x,,p
3.01,6.04,4.85,,u,d,u,f,x,,x,f,e
,4.98,8.9,,w,d,u,f,f,i,p,p,e
8.13,7.36,13.42,,w,g,a,f,p,,x,x,e
8.83,4.18,,,w,d,u,f,x,,f,x,e
,5.5,4.28,,w,d,w,f,x,,x,o,e
2.81,2.58,5.28,,n,d,a,f,s,,f,f,p
5.35,4.59,8.43,,,l,a,f,s,s,f,,e
2.62,,5.97,,w,d,a,f,s,,p,x,p
,4.38,10.9,,n,,u,f,x,,,f,e
,13.1,18.59,,w,,u,g,,,c,x,e
10.93,13.68,27.33,,o,d,w,r,x,,f,s,p
,7.65,15.22,,w,d,,p,,y,s,,p
1.73,6.33,2.18,,,g,a,f,x,t,f,x,e
6.92,6.35,16.94,,n,d,,p,x,,x,s,e
6.97,,14.54,,,d,u,f,s,,x,x,e
,,8.42,,y,m,u,f,b,,x,,p
0.97,2.71,1.34,,g,,s,f,b,,b,s,e
8.74,5.1,13.83,,,,a,f,x,,s,o,p
,6.98,11.99,,y,,,f,x,,f,b,e
4.17,,6.1,,n,d,u,f,f,k,f,s,e
2.35,5.59,3.38,,w,d,w,f,x,,x,f,e
,5.02,,,,,u,,f,,b,s,e
8.01,,11.53,,w,d,a,l,b,y,p,x,p
7.29,8.05,13.72,,g,d,,l,x,,,s,e
,5.64,7.82,,w,d,w,f,x,,f,x,p
6.26,7.51,9.35,,w,l,a,f,,s,x,f,e
2.69,,6.09,,,g,u,f,f,t,x,x,p
,,15.82,,,,u,,x,,x,s,e
,5.69,17.01,,w,,,f,f,,c,f,p
11.37,5.53,14.41,,n,d,u,f,,,f,p,p
,3.35,6.19,,y,d,a,f,s,,x,x,p
,9.35,13.48,,n,,a,f,f,i,f,o,e
10.86,10.52,18.06,,g,m,a,r,x,,f,x,e
,4.59,9.9,,y,d,a,f,f,i,f,x,p
6.98,6.07,,,y,g,,f,x,s,f,x,e
10.98,27.16,13.92,,w,g,w,e,p,s,f,x,e
,9.09,9.43,,y,d,u,,x,y,f,x,p
,11.37,18.7,,w,d,,,x,,x,f,e
11.44,,31.55,,e,d,u,,x,,x,f,p
,,5.89,,w,m,w,f,x,,x,x,e
,7.31,3.67,,,d,a,f,b,,s,f,e
,5.79,1.81,,,d,s,,x,,f,x,p
8.3,,15.39,,y,d,u,,x,,x,f,e
3.0,6.08,3.73,,g,d,w,f,b,s,x,,e
4.89,,8.33,,w,d,,f,b,s,x,p,e
4.61,6.45,4.96,,w,d,w,f,f,s,b,f,e
4.47,5.72,7.76,,o,,w,f,x,,f,,e
,11.37,32.43,,,d,u,f,x,,f,f,p
4.25,,6.69,,,d,a,f,x,,,x,p
,4.37,7.49,,w,l,a,f,s,s,s,x,e
12.33,5.82,25.66,,w,d,a,f,s,,s,s,e
,,,,,d,a,f,f,,x,,e
3.24,,8.81,,y,d,,f,x,,o,x,e
,5.5,13.82,,w,d,u,f,s,,x,x,e
,4.85,1.48,,,d,a,f,b,t,x,x,p
4.7,7.7,,,,d,,z,x,,f,x,p
,14.59,33.28,,,d,u,f,x,y,f,,p
,7.26,18.19,,w,,u,f,f,s,x,c,e
4.47,4.52,3.39,,g,d,a,f,f,s,b,x,e
12.73,7.33,16.15,,,m,a,l,x,,x,f,e
4.77,0.0,0.0,,,d,,f,o,f,f,b,p
5.41,,11.4,,b,d,w,f,f,,f,s,e
4.9,4.58,,,f,d,u,f,f,,x,x,e
4.59,,4.02,,,d,u,f,s,,x,b,p
8.72,6.35,16.68,,o,d,u,f,,,x,,e
,,17.65,,w,d,a,m,f,,f,x,e
,5.49,2.74,,k,,s,f,b,,p,s,e
,,17.09,,y,d,u,f,x,,x,b,e
8.23,,21.73,,w,d,a,f,x,s,x,c,e
10.56,4.73,22.71,,w,d,u,f,,,x,b,e
5.79,5.18,9.77,,g,d,u,f,b,s,f,f,p
,2.31,2.64,,n,d,u,,x,s,b,b,p
,6.4,3.25,,k,,a,f,b,,x,x,e
11.31,7.1,16.35,,y,d,a,f,,i,f,p,p
5.96,,9.05,,w,l,a,f,s,s,f,o,p
,5.23,4.99,,y,,,f,f,k,x,x,p
10.09,21.45,12.88,,p,d,w,e,f,s,p,o,e
7.71,10.81,25.47,,g,d,u,f,x,y,s,x,e
,,8.75,,p,d,a,f,,y,s,o,e
5.67,5.95,9.87,,y,,u,f,f,,f,,p
8.15,6.94,,,w,,u,f,x,,x,f,e
5.95,5.07,12.04,,,m,u,e,x,,s,f,e
3.58,5.72,6.4,,k,d,u,f,f,s,f,b,e
,6.53,13.7,,y,,u,f,x,,x,x,e
,6.45,3.81,,u,d,u,f,f,,s,x,e
22.07,,,,y,d,a,f,x,,p,f,e
,4.36,12.96,,n,,u,l,,,f,x,p
5.72,,64.96,,,d,u,f,s,,x,x,e
,15.14,16.91,,p,,a,f,p,,x,s,p
8.09,8.5,19.34,,n,d,a,f,x,,o,b,p
7.34,7.04,19.69,,g,d,a,,s,,x,f,e
3.83,3.56,2.51,,w,,a,f,f,,x,x,p
48.91,7.26,,,,d,s,f,o,k,x,o,e
,3.85,17.75,,f,d,,,o,g,f,b,p
1.74,3.38,2.52,p,p,g,u,f,f,,x,f,p
,6.88,9.71,,w,l,w,f,f,s,x,x,e
4.78,4.15,12.79,,k,g,u,e,x,,x,s,e
1.2,2.88,1.45,,g,d,,f,p,,x,x,p
6.83,13.67,14.01,,w,d,a,f,c,s,o,x,e
,5.42,24.92,,y,d,a,f,s,,s,x,e
,,0.0,,f,d,,f,o,f,x,f,p
7.58,7.96,22.19,,w,d,u,f,x,,x,o,e
2.09,6.27,4.92,,,,a,,x,,x,o,p
,,15.3,,w,d,a,,x,,f,o,p
,12.77,12.68,,w,d,,f,x,s,x,x,e
,,8.93,,o,d,u,f,x,,x,x,e
,3.79,1.37,,n,,a,f,x,,x,,e
,4.24,1.31,,n,d,u,f,b,t,x,f,p
12.69,11.0,15.32,,w,d,,g,x,,x,b,e
5.07,4.69,,,f,d,,f,x,,x,s,e
1.58,5.88,2.0,,,,u,f,x,t,x,f,p
,0.0,0.0,,w,d,u,f,o,f,b,f,p
6.28,,12.69,,w,d,u,l,b,y,x,o,p
13.86,5.57,23.63,,p,d,a,f,s,,p,o,e
5.92,6.13,6.89,,w,,s,,x,s,x,x,e
3.88,,6.72,,w,,a,f,f,,f,x,p
,5.03,,,,d,a,f,x,i,f,s,p
,4.63,5.92,,p,,,f,s,,x,x,e
,4.66,3.25,,w,g,u,f,b,,x,x,e
,2.57,15.4,,w,,w,f,f,,f,f,e
,10.48,17.28,,,,a,,x,,x,x,e
9.87,,10.53,p,w,,s,f,x,i,f,f,e
4.08,,8.07,,,d,u,f,x,,x,x,e
5.0,4.94,5.9,,,d,w,r,x,s,f,p,e
7.92,,,,w,,a,f,o,,s,x,e
11.58,6.87,16.18,,,d,a,f,,i,c,x,e
,4.7,9.34,,g,d,,f,f,s,f,x,e
,4.83,28.38,,f,p,,f,o,,b,f,e
,4.21,9.76,,e,,a,f,x,,s,x,e
8.82,4.86,16.4,,w,d,u,f,f,,x,x,e
3.78,5.33,6.18,,g,,,e,x,y,f,f,p
4.15,3.44,3.81,,,d,u,r,x,y,x,f,e
,5.35,11.54,,,d,u,f,x,,,x,e
,1.44,13.87,,y,d,w,f,o,,x,f,e
19.95,,20.54,,,m,,m,,,b,s,e
11.12,,27.53,,w,,u,f,,,f,x,p
1.9,6.51,,,,,a,f,b,,o,x,p
,4.88,19.49,,b,d,a,f,f,,x,x,e
4.71,,7.38,,k,d,s,z,x,,o,f,p
2.84,2.99,8.22,,w,,a,f,x,,b,f,p
8.7,6.98,10.37,p,w,d,s,f,x,i,p,x,e
4.43,12.54,12.28,,w,d,a,f,x,s,x,x,e
,3.11,5.32,,o,m,a,f,x,,f,x,p
,5.93,19.4,,w,d,a,f,x,,x,x,e
10.13,9.05,17.96,,,d,,l,x,y,x,p,e
7.46,4.66,,,p,,a,f,f,,b,,p
6.74,,12.43,,o,m,a,f,s,,x,f,e
,5.21,4.7,,e,l,a,f,f,,f,b,p
6.03,6.76,13.23,,y,d,u,,x,,x,f,e
8.37,6.88,13.65,,,g,a,f,x,s,c,s,e
0.87,5.49,0.99,,w,,,f,c,,s,o,p
2.07,,2.73,,n,m,s,e,p,t,b,x,p
8.01,13.73,13.15,,w,d,u,e,b,y,f,x,p
7.14,5.91,9.95,,w,d,u,f,x,y,f,x,e
7.07,12.92,6.85,,w,d,a,f,x,g,f,x,p
,4.2,7.5,,,d,a,f,s,s,,c,e
4.48,6.79,8.23,,f,d,,f,s,,x,c,e
6.48,6.77,15.45,,,d,u,f,x,,x,f,e
8.22,,20.61,,b,d,,f,f,,,f,e
5.99,,,,b,d,w,f,s,,,,e
,4.44,16.5,,,,a,f,x,,f,,e
,,7.0,,o,m,u,f,x,,x,f,e
,,6.46,,g,l,,f,b,s,c,s,p
,0.0,0.0,,f,d,w,f,o,,,,p
,7.11,11.26,,w,g,u,f,f,i,x,x,e
15.63,10.43,17.87,,,,a,,x,,x,x,e
6.55,,9.84,,y,,u,f,f,,,c,p
,4.05,12.22,,w,d,a,f,x,,c,s,p
9.54,17.9,12.1,,k,g,w,e,f,s,s,x,e
4.13,,8.07,,o,d,w,f,x,t,x,,e
5.59,5.9,10.69,,w,l,u,f,f,i,f,b,e
,6.37,3.64,,n,g,u,f,b,,x,x,p
6.03,5.4,10.55,,w,d,u,f,b,s,x,b,e
1.06,4.83,,,w,l,,f,c,,b,f,p
4.15,4.3,7.94,,g,,u,,f,,x,,e
4.58,5.29,3.53,,g,d,a,f,f,s,x,x,e
,,1.63,,w,,a,f,c,,x,x,e
11.35,7.14,,,n,d,a,f,s,,x,x,e
1.5,4.09,2.24,p,p,g,,f,x,,x,x,e
,7.81,24.06,w,k,d,,f,f,,s,f,e
11.52,12.09,17.35,,,,,,f,,f,x,e
,,8.49,,,g,u,f,b,,f,f,p
7.15,5.41,12.68,,w,d,,f,s,,s,,p
,10.6,,,w,d,,z,b,,s,,p
13.97,7.44,25.64,,w,d,u,f,,,s,x,e
18.42,20.14,,,w,d,,m,p,,x,f,e
4.11,4.03,,,,d,,f,f,,f,x,e
9.44,8.93,10.88,p,w,d,a,f,x,i,x,c,e
5.5,,8.22,,g,d,a,f,f,,s,x,e
3.69,4.51,2.95,,,d,a,,f,,x,x,e
1.64,,1.94,,w,g,,f,x,t,f,b,e
,,18.7,,w,,u,f,x,,,o,e
6.72,7.76,16.32,,y,,u,f,x,,f,f,e
1.43,4.21,1.39,,n,d,w,f,x,,x,x,p
,8.7,,k,,d,s,z,x,,s,x,p
6.03,5.55,,,n,d,a,l,x,t,s,b,e
1.95,,2.72,,n,m,a,e,p,t,b,c,p
11.9,9.65,14.63,,w,d,u,g,f,,f,f,e
2.28,3.71,4.71,n,e,,a,,x,,x,s,p
1.27,3.85,6.42,,f,,u,f,x,,x,f,p
,,16.97,,w,,u,f,f,s,x,x,p
,9.13,13.07,,n,d,a,,f,i,f,f,e
5.72,6.58,9.96,,w,d,u,f,f,,s,x,e
14.45,9.25,17.36,,g,m,u,l,p,,,x,e
8.55,6.35,9.99,,w,d,w,f,x,,f,x,e
,7.15,31.4,,o,d,a,f,x,,x,x,p
,2.87,5.5,,n,,a,,s,,f,x,p
,,46.97,,y,d,s,f,o,k,s,x,p
,6.34,9.01,,w,l,w,f,x,s,,x,e
,8.41,14.82,,,h,a,f,x,,,c,p
,4.59,8.87,,,d,u,f,f,s,x,,e
8.54,7.38,13.81,,y,d,a,f,,,x,o,e
8.71,7.98,14.23,,n,h,,f,x,,f,b,p
1.76,5.21,2.68,,,h,,f,f,i,,f,e
10.34,11.28,35.16,,w,d,u,f,x,,b,b,p
,13.75,13.72,,w,d,a,e,b,y,s,b,p
,10.58,32.65,w,w,d,a,f,p,,s,x,p
7.48,,13.58,,,,a,f,x,,x,x,p
,6.45,10.16,,w,g,u,f,f,i,,x,e
,4.41,11.7,,w,d,a,f,s,t,s,x,p
3.79,4.22,2.8,,w,g,,f,b,,f,b,e
4.68,0.0,0.0,n,w,d,u,f,o,f,b,,p
,13.67,13.29,,,d,a,e,b,y,x,x,p
7.41,,11.29,,g,d,a,f,s,t,s,x,p
,12.8,,,k,g,w,,f,,f,x,e
1.58,5.49,1.83,,w,,a,,x,t,x,s,p
,2.75,8.61,,y,d,u,f,x,,x,f,e
,6.01,14.31,,y,d,,f,x,,s,o,e
5.37,5.11,8.41,,w,d,a,f,x,,f,,e
6.61,5.13,8.94,,,,,f,x,y,f,x,e
,8.8,10.23,,,d,a,,x,y,s,p,p
3.79,,10.19,,y,d,u,,x,,c,f,p
7.12,7.28,13.66,,,,,l,,,x,x,p
,,12.42,,w,d,a,f,x,s,,x,p
16.0,24.05,19.61,,w,,a,m,p,,s,x,e
6.71,4.74,11.63,,p,m,a,e,f,,,x,e
,2.88,3.3,,,p,u,f,c,,s,x,p
,16.49,79.29,,y,d,u,f,x,,c,f,e
7.83,4.84,19.41,,,d,a,f,f,,s,,e
,5.05,6.73,,r,,a,f,f,,s,,p
13.88,8.22,17.81,,p,d,a,f,,i,s,f,p
3.04,6.3,2.71,,n,d,s,f,b,,x,s,e
,3.48,6.54,,y,d,,f,s,,,f,p
,12.6,19.16,,w,d,,g,x,,s,p,e
19.69,7.04,44.84,,y,d,u,f,f,k,x,f,p
,4.84,10.15,,y,d,u,f,x,,f,f,e
4.6,,11.41,,g,g,w,z,b,s,x,s,p
4.29,5.17,16.37,,f,l,,f,c,,x,x,e
2.93,4.73,6.29,,y,m,a,f,f,t,p,p,p
4.38,3.69,11.66,,r,d,a,f,x,,x,s,p
15.78,,31.76,,y,d,a,,x,,p,x,p
,6.68,8.62,,y,g,u,f,x,g,x,p,p
9.0,9.26,16.25,,y,,u,,,,x,s,e
,,15.28,,y,d,,f,x,,x,x,e
2.32,8.08,2.59,,,m,s,e,p,t,c,f,p
10.72,12.14,17.75,,w,d,u,g,x,,x,f,e
4.33,5.7,,,,g,a,f,x,g,f,x,p
3.27,6.11,7.16,,f,d,a,f,s,,f,o,p
5.76,6.23,9.77,,w,l,a,f,x,,,f,p
11.63,6.9,25.56,,y,,a,f,s,,x,x,e
,9.4,12.46,,n,,,f,f,i,x,p,e
11.39,,17.45,w,,d,w,,f,i,p,f,e
9.86,6.46,17.64,,o,d,a,,s,,x,,e
,12.48,20.92,,,,a,g,f,,c,p,e
,,,,y,d,a,f,f,y,f,x,p
9.5,7.11,17.41,,y,d,a,f,f,y,x,f,e
6.44,4.07,12.3,,p,w,u,l,f,,f,s,e
,,14.6,,w,,a,f,x,,x,b,e
10.96,10.77,18.36,,g,m,u,l,f,,p,f,e
5.43,6.73,6.93,,y,m,,f,b,,p,x,p
4.05,6.45,7.48,,f,,a,f,s,,s,b,e
,5.24,6.26,,k,d,u,f,f,s,x,s,e
4.18,,4.33,,,,u,f,f,,,f,p
,7.74,35.07,,,d,a,f,o,,f,s,e
,8.88,13.52,,r,d,s,f,c,,x,x,p
,5.01,2.64,,,d,,f,b,,x,s,e
10.89,,20.32,,b,,a,f,f,,f,s,e
44.12,6.0,34.46,,y,d,u,f,,k,f,,e
17.65,7.08,22.79,,k,,w,f,f,,x,x,p
,5.14,,,p,d,u,f,s,,f,x,e
,,29.86,,y,d,,f,f,k,s,f,p
9.04,,12.48,,g,d,a,f,s,t,c,f,p
,6.96,,k,n,,u,f,x,s,b,x,e
,6.58,17.22,,o,d,a,f,s,,,c,e
0.89,2.77,1.42,,g,d,,f,b,,p,x,e
1.49,1.98,2.58,,n,h,a,f,x,s,x,,p
1.58,,3.13,,p,,u,f,s,i,f,x,e
17.76,23.39,,,,d,a,m,f,,x,x,e
4.33,5.87,3.68,,,,,f,x,,s,s,e
,12.2,11.78,,w,d,u,f,x,s,x,x,e
,11.01,,,g,d,a,,x,y,p,f,e
,28.33,,,w,m,a,m,p,,x,,e
,7.73,22.83,,w,d,u,f,x,,,x,e
14.92,6.79,24.04,w,k,d,a,f,f,,x,,e
,,,,w,d,,f,x,,f,x,e
,7.39,8.57,,w,d,a,f,s,,b,p,p
3.8,4.53,6.3,,w,d,u,f,f,,f,s,e
10.2,8.53,15.7,,w,d,u,g,,,x,b,e
4.9,7.0,10.58,,w,l,w,,f,s,s,x,e
,7.66,10.12,,w,l,a,f,f,s,f,s,e
,3.32,7.49,,w,g,a,f,s,,x,b,e
5.32,,,,y,h,u,f,s,,,x,p
7.87,,21.8,,w,d,u,f,s,,x,o,e
6.84,,14.46,,w,d,a,f,s,,b,f,e
10.87,6.78,21.45,,,d,u,f,x,,f,c,p
,7.51,15.36,,,d,u,f,x,,f,x,p
2.74,2.51,5.18,,,,,,f,,p,x,p
5.8,5.21,11.9,,b,m,a,f,f,,x,f,e
7.8,8.3,10.61,,n,d,a,f,,,x,,p
6.91,8.2,18.31,,w,,a,f,x,,x,x,e
6.19,4.02,20.97,,f,,s,f,o,,f,x,e
5.94,3.88,14.54,,f,,,f,s,,x,x,e
,2.95,1.29,,,d,a,f,b,,x,o,e
0.7,4.66,,w,o,g,,f,f,,x,x,e
5.88,3.55,9.73,,w,d,u,f,s,,o,,e
,,13.57,,f,d,u,,x,,x,b,e
,,17.85,,g,d,a,f,f,,x,,p
3.21,5.39,3.06,,u,d,u,,f,,x,b,e
,,20.71,,f,l,s,f,,,f,x,p
,7.28,21.77,,y,d,u,f,x,,o,p,e
10.87,4.95,23.68,,w,d,u,f,o,,x,x,p
,5.45,1.01,,p,h,u,f,c,,x,b,e
,6.86,15.3,,w,d,a,p,x,y,p,x,p
1.08,3.53,2.4,,g,,,f,b,,p,x,p
,6.56,10.48,,w,,a,f,x,s,x,,e
,4.08,6.08,,,m,,f,x,,f,x,e
,4.79,20.58,,,d,a,f,f,,,x,e
,,17.2,,,d,,f,x,,p,x,e
6.19,,12.42,,w,d,a,g,x,,x,s,e
,4.71,6.37,,n,,,z,x,y,x,c,p
9.48,2.56,,,y,d,a,f,f,,x,f,e
5.14,,3.7,,g,,a,f,b,s,x,f,e
1.4,6.17,1.14,,p,h,u,f,c,,x,x,e
,,5.07,,p,d,a,f,s,,p,f,e
7.12,8.49,13.69,,g,d,,l,x,,x,f,p
1.95,4.45,1.87,,,,u,f,b,s,x,f,p
,5.88,6.83,,w,d,,f,x,,o,s,p
8.36,5.57,10.89,,p,,w,,f,,p,s,p
,,11.57,w,w,d,u,,f,i,f,s,e
2.39,7.29,3.72,,p,h,a,,f,i,x,x,e
,6.12,12.86,,y,,a,,,,x,o,e
,,0.0,,f,,,f,o,f,x,x,p
10.57,9.05,22.89,,,d,u,f,x,,x,x,e
4.13,6.24,7.29,,y,g,u,,x,g,x,x,p
6.8,5.33,13.72,,p,m,a,e,f,,x,x,e
5.51,5.74,,,y,d,,f,f,s,f,,p
2.84,3.48,12.42,,f,d,a,f,o,g,x,x,p
4.89,3.84,5.48,,n,d,u,f,f,k,x,x,p
3.26,4.28,,,p,d,,f,f,,x,f,e
,8.24,24.39,,w,,w,f,s,,f,s,e
2.66,5.92,2.66,,n,d,s,f,b,,x,x,e
,5.41,1.64,,n,h,,f,b,t,x,s,p
,6.7,9.15,,,,w,f,x,s,x,x,e
9.65,2.91,24.57,,f,d,u,,o,g,f,f,e
,3.92,6.64,,w,m,w,f,f,,s,x,e
18.14,,34.06,,n,d,u,f,p,y,,,e
8.04,7.39,28.47,,w,,s,f,x,,x,x,e
3.85,4.83,6.09,,w,,a,f,f,,s,x,p
,6.86,2.59,,n,m,u,e,,t,x,x,p
,6.35,2.78,,n,g,a,f,f,,f,x,p
2.6,3.9,4.17,,e,d,a,f,x,,c,x,p
,5.44,22.93,,w,d,u,f,s,,p,b,e
6.31,6.39,15.45,,r,d,a,f,x,y,x,,p
,3.01,1.29,,g,d,u,f,p,,x,x,e
,4.79,11.55,,,g,a,e,f,,x,s,e
6.11,,10.12,,w,d,a,f,x,y,x,f,e
1.46,4.94,2.5,,k,g,u,f,x,,f,f,e
,6.12,10.01,,y,d,,f,f,,f,,e
3.19,7.82,2.4,,n,g,,f,b,,x,x,p
18.76,25.32,20.68,,,m,,m,p,,,s,e
8.91,,22.14,,f,,,f,o,g,p,s,p
9.98,8.62,22.22,,y,,u,f,x,,x,c,e
,,2.61,,n,m,a,e,p,t,,f,p
,5.76,18.1,,,d,u,f,s,,x,x,e
4.01,,3.31,,w,,,f,b,,s,f,e
9.29,1.57,14.6,,y,,,f,o,,x,s,p
4.39,6.16,30.55,,f,d,a,f,o,g,b,,p
5.93,6.29,14.23,,y,d,a,f,x,i,b,x,p
5.69,5.61,12.34,,r,d,a,f,x,,s,x,e
,10.61,56.33,,y,d,u,f,x,,o,,p
18.07,17.1,59.98,,w,d,a,f,p,,x,s,e
2.65,5.35,6.62,,p,d,a,z,x,,,b,p
7.0,5.73,10.49,,y,d,u,f,f,,s,x,p
5.69,5.59,6.49,,,d,u,,b,i,b,s,p
5.22,1.29,12.74,,o,d,w,f,o,,x,x,p
2.85,9.09,2.52,,n,,a,f,b,,x,x,p
6.67,,13.05,,o,,a,f,f,,x,o,e
7.27,,12.9,,,g,a,f,p,,,f,e
5.0,,6.91,,y,,u,,,g,p,b,p
,5.27,16.98,,o,d,u,f,s,,f,b,e
,,11.72,,p,d,,f,s,,x,x,p
,,3.48,,g,d,,f,f,s,c,x,e
7.09,7.75,10.63,,w,l,w,f,,s,,x,e
8.57,4.71,12.53,,w,d,u,,s,t,x,o,p
2.8,5.44,6.53,,p,d,a,z,x,,x,x,e
3.88,6.44,6.38,k,k,d,,f,x,s,b,s,e
,2.83,1.47,,w,l,u,f,x,,x,p,p
5.72,,12.23,,g,d,a,z,b,s,c,c,p
,,1.03,,w,h,u,f,c,,c,x,e
4.41,5.89,10.35,,n,,,f,x,,o,f,e
,3.76,1.85,,,d,a,f,b,,x,f,p
5.66,6.82,45.37,,,d,a,f,s,,x,,e
,3.2,5.8,,o,,a,f,f,,x,p,p
,7.37,9.67,p,p,d,a,f,x,i,f,p,e
,2.6,24.33,,f,d,,f,o,g,p,,p
6.71,6.91,21.5,w,y,d,u,f,f,,x,,e
3.42,4.44,3.39,,w,,u,e,b,k,o,b,p
,4.2,2.74,,y,l,a,f,f,s,,s,p
,9.24,19.16,,y,,u,p,x,,x,x,e
2.42,2.51,,,y,d,,f,f,,x,p,p
7.26,5.04,10.81,,p,d,u,f,x,y,o,o,e
4.39,,5.41,,,d,u,f,f,k,b,,p
14.91,9.28,33.43,,o,d,a,f,x,,x,x,p
,6.19,,,,d,,f,o,k,,x,e
7.39,9.16,20.16,,,d,a,,,,,x,p
,4.56,,,g,d,u,f,b,s,x,f,p
17.89,10.99,35.28,,y,d,,f,x,,o,o,p
4.44,2.82,,,,d,a,f,x,,o,s,p
8.87,6.65,25.01,,w,d,a,e,x,,c,f,e
8.26,7.19,21.04,,p,g,w,f,f,,x,f,e
10.3,10.77,13.89,,w,,a,e,f,,f,x,p
,7.02,19.85,,n,d,u,f,x,,f,x,e
5.57,5.35,10.43,,,d,a,f,f,s,o,s,e
,,22.45,,g,d,a,f,x,y,f,x,e
6.24,,11.59,,r,d,u,,x,,s,x,e
,7.88,10.31,p,w,d,w,f,x,i,x,f,e
6.51,8.69,11.74,,y,d,a,f,f,t,x,x,e
,15.57,18.77,,k,d,a,f,p,,b,x,p
,5.36,12.44,,y,d,,f,x,,s,x,e
14.27,28.21,20.72,,,d,a,m,f,,b,x,e
,8.41,,,,d,,f,f,t,x,x,p
5.52,6.47,8.1,,n,d,u,f,c,,o,,p
12.52,8.71,17.12,,g,m,a,r,p,,f,b,e
3.09,,4.84,,u,l,,f,f,s,p,x,p
4.25,3.16,11.02,,g,d,a,f,x,,x,x,p
,3.6,2.45,,w,g,a,f,b,,o,x,e
5.71,,8.98,,w,l,a,f,f,i,f,p,e
7.25,7.3,12.34,,w,g,a,l,x,,p,s,p
9.58,9.27,16.89,,,d,a,p,p,,,f,e
3.28,3.95,2.86,p,,g,u,f,f,,x,x,p
,4.33,0.98,,,,a,f,,s,x,f,p
,4.2,,,p,d,,f,s,,f,x,e
,5.48,6.56,,n,d,u,,b,i,,x,p
,5.51,9.75,,,d,,z,x,,,s,p
2.96,4.61,5.25,,p,d,u,f,s,,x,x,e
,9.39,14.75,,w,,u,,f,i,f,x,e
8.95,8.0,19.09,,w,,u,f,x,,b,f,e
1.32,,1.32,,,g,a,f,x,t,f,f,e
4.33,,7.64,,r,d,a,f,x,,x,f,e
0.84,2.9,1.39,,,d,u,f,b,,s,c,e
4.48,7.54,44.96,g,f,,,f,,,b,f,e
3.89,4.89,6.09,,p,,u,f,s,,o,x,e
10.82,9.36,22.95,,y,d,a,f,x,,x,x,e
4.1,,7.16,,w,d,s,f,f,s,p,x,p
5.03,3.46,6.03,,n,d,u,f,f,k,f,x,p
4.37,0.0,0.0,,,,a,f,o,f,f,x,p
7.39,,14.9,,w,g,u,f,x,,x,b,e
,6.57,1.66,,w,h,a,f,x,t,f,x,e
7.3,6.74,8.76,,w,d,u,f,s,,s,o,p
5.6,7.05,4.31,,,,,f,,,f,b,e
10.52,7.61,21.87,,y,d,,f,x,,x,s,e
8.21,8.7,9.49,,,,a,f,f,i,x,x,p
15.92,,16.95,,w,g,a,,x,,x,x,e
1.61,4.92,2.62,,g,d,w,f,x,,s,x,e
,6.53,5.83,k,n,,u,f,f,s,f,f,e
3.47,4.1,10.14,,e,d,a,f,x,,f,f,e
5.35,,19.26,,f,d,s,f,p,,b,,e
6.76,,14.87,,w,d,u,f,x,,f,f,e
3.28,4.71,6.96,,e,m,w,,,,b,s,e
0.86,3.42,2.5,,k,m,u,f,b,,s,x,e
,4.97,11.25,,n,d,a,f,x,,x,x,e
,,27.35,,f,d,s,f,o,g,,x,e
4.57,6.29,8.74,,o,d,a,f,f,t,,s,e
1.5,4.61,1.7,,n,g,s,f,b,t,o,,e
,,6.09,,o,d,w,f,f,t,s,x,e
5.11,5.13,37.59,g,f,d,w,f,s,,f,f,e
1.54,5.55,2.71,,k,d,a,f,f,,x,x,e
1.28,3.49,1.37,,n,d,u,f,x,,x,o,e
7.6,6.94,12.92,,y,d,a,f,x,,x,f,e
3.64,3.47,6.45,,,g,a,f,x,,x,s,e
5.51,,5.95,,n,d,w,r,x,y,s,x,p
1.13,3.02,1.68,,g,d,,f,p,,x,s,e
,,43.96,,,,a,f,,k,c,x,p
6.29,,19.22,,g,g,a,f,x,,s,x,e
4.46,5.9,11.77,,n,d,a,f,x,,x,x,e
8.3,1.67,16.33,,o,d,w,f,o,,x,,p
3.8,5.18,10.56,,n,d,a,f,x,,x,b,e
,,7.32,,o,d,a,f,x,t,x,,e
0.54,,0.63,,,d,,f,x,,f,c,p
2.57,2.92,5.33,,y,,a,f,f,,f,f,e
2.99,3.07,,,w,g,a,f,f,,f,f,e
1.6,4.36,1.66,,n,,,f,b,t,f,x,e
7.73,4.46,13.89,,w,d,a,f,x,,f,x,e
,5.72,11.93,,y,h,a,f,x,s,s,s,p
5.68,,13.12,,y,d,a,f,x,i,x,x,p
6.3,6.64,11.86,,y,,,f,x,s,f,x,e
4.87,6.59,4.19,,n,d,a,f,f,,p,x,e
3.69,5.71,6.34,k,k,d,,f,,s,x,x,e
3.85,5.93,4.31,,p,g,a,f,f,i,b,x,p
13.82,14.26,55.75,,w,,a,f,,,x,f,e
,5.73,23.27,,w,d,,e,x,,f,x,e
,5.55,10.03,,p,d,,f,x,y,b,c,e
11.19,6.96,25.28,,y,d,a,f,s,,x,x,p
5.85,6.89,4.82,,n,d,w,l,x,t,b,,e
3.5,4.84,5.89,,n,d,a,z,x,y,x,x,e
3.42,,3.1,,,g,u,f,x,,b,f,p
11.21,7.82,22.72,,y,d,a,f,x,,f,x,e
9.84,,,,w,d,,f,x,,s,,e
,,22.75,n,,,u,r,x,,b,c,p
4.0,,11.8,,y,d,u,f,x,,x,,e
,6.25,11.17,,y,d,u,f,f,,x,f,p
11.36,6.55,20.99,,,d,a,f,,,b,x,e
7.92,,10.1,,,d,a,f,x,,x,c,p
4.44,5.82,6.98,,r,l,a,f,x,,x,p,e
17.19,7.65,27.18,,,d,a,f,f,,x,,p
1.61,7.55,2.83,,y,,a,f,c,,x,f,p
,3.2,5.26,,n,d,a,f,s,,x,s,p
6.24,,5.87,,,d,u,r,,y,x,,e
3.57,5.8,6.03,,u,l,u,f,f,s,x,,p
6.97,6.3,10.72,,w,d,a,f,f,i,,f,e
50.49,,49.03,,y,d,u,f,o,k,f,s,e
4.21,,7.66,,r,,a,f,x,,x,s,e
1.26,5.12,1.43,,w,,u,f,c,,o,x,e
8.64,6.3,11.96,,y,h,a,f,x,s,f,f,e
10.33,11.32,17.02,,w,d,a,g,f,,x,x,p
,0.0,0.0,,,d,a,f,o,f,o,x,p
,2.89,1.31,,w,l,a,f,x,,x,x,p
,5.98,3.0,,n,d,u,f,b,,x,b,e
,9.08,18.2,,p,l,a,l,,,x,x,e
3.2,,6.95,,w,g,a,f,s,,x,f,p
18.06,8.52,26.54,,w,l,a,f,f,,,x,e
,10.36,27.51,,w,d,u,f,x,,x,s,p
7.76,7.04,15.02,,w,g,a,f,x,,f,x,e
,5.39,6.08,,y,g,,f,b,t,s,x,p
12.86,6.83,,,,d,u,f,s,,x,f,e
14.33,2.69,17.86,,y,d,,f,f,,b,f,e
,5.96,6.56,,r,d,u,f,x,,x,x,e
10.63,11.21,14.54,,w,,,p,x,,x,x,p
6.22,6.46,12.09,,y,d,a,f,x,i,f,x,e
11.44,,33.27,,e,d,,f,x,,x,b,e
5.04,2.97,12.35,,w,d,a,f,,,b,,p
2.17,5.84,2.92,,n,g,a,f,b,,f,c,p
,11.92,14.16,,y,d,u,,x,y,x,x,p
,1.91,2.37,,n,,u,f,x,,x,x,p
3.8,6.09,8.18,,o,d,a,f,f,t,x,x,p
13.35,,,,w,d,a,f,f,,x,f,e
,7.34,,,y,d,u,,x,,x,s,e
,7.03,52.43,,y,d,,f,,,o,f,e
,5.59,,,o,d,,f,f,,x,s,e
,8.64,22.23,,y,d,a,f,x,,x,p,e
3.3,6.63,7.26,,f,d,a,f,s,,,f,e
4.42,7.09,8.83,,,l,u,f,x,,,x,e
,9.6,21.51,,n,d,a,f,x,,b,b,p
1.32,4.17,1.54,,n,d,a,f,b,t,x,b,p
,3.19,1.56,,w,d,u,f,,,x,p,p
,8.34,26.48,,o,,u,f,x,,,x,p
3.77,4.94,14.57,,f,d,a,f,s,,x,x,e
14.41,9.39,31.53,,,d,,f,x,,s,x,p
10.15,13.32,16.65,,n,d,a,f,x,,x,f,p
,10.63,14.24,,,d,a,f,f,i,x,,e
,,2.4,,g,,w,,x,,x,b,e
3.49,7.17,7.48,,n,d,a,f,f,s,f,x,e
6.4,3.53,10.27,,w,g,u,f,s,,x,x,e
,6.83,16.0,,y,d,,,,,x,x,e
6.88,4.72,7.65,,w,h,a,f,s,s,b,x,p
5.37,,8.93,,w,,a,f,f,,s,x,p
6.1,5.33,12.0,,o,g,w,f,f,,f,p,p
7.6,7.01,,,y,d,u,f,x,,f,x,p
7.81,15.16,18.13,,,d,a,f,,,x,,p
,12.15,21.94,,w,d,u,g,x,,x,x,e
,12.06,11.95,,,d,,f,c,s,,,e
5.06,5.26,5.36,,w,d,a,f,s,,o,x,p
3.06,6.28,6.71,,f,d,a,f,s,,,x,e
1.03,3.35,1.58,,g,d,u,f,,,c,c,e
,6.43,,,,l,a,f,f,s,x,x,e
,2.87,7.67,,n,d,a,f,x,,x,x,p
4.61,8.57,11.46,,,g,w,z,b,,x,x,p
,5.6,6.24,k,n,d,u,f,f,,x,f,e
,,,,w,d,a,g,x,,f,x,e
6.21,6.71,10.39,,w,l,u,,f,i,f,x,p
,13.19,6.66,k,n,g,u,,b,,f,f,p
,,2.41,,g,m,,e,p,t,x,f,e
5.16,9.32,12.56,,g,,u,z,p,s,f,c,p
8.7,8.68,12.95,,y,,a,f,f,t,x,x,e
,6.07,7.75,,o,d,w,,x,t,x,x,e
16.39,5.42,18.04,w,,d,w,f,f,,x,x,e
,,8.46,,,d,,f,f,,b,s,p
,7.15,10.48,,w,,a,f,,s,x,x,e
6.96,8.21,7.78,k,k,g,u,z,x,i,f,p,p
,9.32,29.41,,p,d,a,f,x,,f,x,p
,5.86,3.21,,n,g,,f,b,,x,f,p
8.17,6.19,10.19,,,m,,f,f,i,p,x,e
4.12,6.0,5.52,,,d,,r,x,s,b,f,e
,8.33,18.74,,y,d,,p,x,,b,f,e
,5.31,0.88,,w,d,u,f,c,,p,,e
5.64,,,,r,d,,f,c,,x,,p
,10.55,17.33,,w,,u,,x,,c,x,e
,,15.65,,y,d,a,f,f,,b,p,p
5.93,5.02,17.35,,w,d,u,f,x,,x,x,p
2.94,3.14,5.04,,w,m,w,f,f,,,p,e
3.71,,7.43,,o,d,,f,f,t,o,,e
,5.8,12.19,,r,d,u,f,x,,f,s,e
10.38,6.46,20.92,,y,,a,f,x,,,x,p
7.87,7.86,24.21,w,w,d,u,f,x,,x,f,p
8.45,,16.61,,g,m,u,,p,,p,b,e
12.25,5.71,15.87,,n,h,u,f,f,,,s,p
10.14,,22.51,,y,d,u,f,x,,f,s,e
3.35,10.93,6.55,k,k,g,,,b,,x,f,e
9.01,5.28,26.84,,y,d,a,f,,k,x,x,p
0.74,4.73,1.01,,,g,u,f,x,,x,f,e
3.74,,3.57,,p,,u,f,f,,,f,p
,7.41,5.0,,w,d,w,f,x,,x,x,e
,5.59,14.92,,,d,a,f,,,b,s,p
0.83,5.21,1.05,,,,,f,x,,x,f,p
3.19,4.89,6.6,,y,m,,f,f,t,x,x,e
4.01,3.3,5.55,,w,m,w,f,f,,x,x,e
10.23,5.41,24.48,,y,d,a,,s,,x,f,p
,,1.46,,n,d,,f,o,,x,x,p
6.88,4.77,10.07,,p,d,a,,x,y,o,x,e
,5.84,12.32,,,d,a,,f,,c,x,e
7.79,6.84,12.85,,w,d,a,f,p,,x,f,e
5.29,5.63,4.87,,n,d,u,l,x,t,,s,e
,,10.75,,w,,a,,x,s,x,x,e
11.06,,23.3,,b,d,a,f,f,,p,b,e
7.76,9.55,13.02,,y,d,a,f,f,t,x,x,e
10.27,,12.07,,,g,u,e,f,s,x,x,e
4.39,7.97,8.58,,w,d,s,,x,,f,f,e
5.29,,5.91,,y,g,a,f,,,f,x,p
4.32,4.37,9.31,,,d,a,f,f,s,x,s,e
,9.06,2.41,,n,g,u,f,b,,x,f,p
2.89,2.34,6.81,,w,,u,f,f,,b,f,p
13.28,10.91,,,g,m,a,r,,,x,x,e
4.15,5.42,4.93,,y,d,w,f,x,s,f,f,e
6.54,6.57,11.7,,b,d,w,,s,,s,x,e
,3.68,2.65,,w,g,u,f,s,h,s,b,e
4.79,6.85,7.87,,r,d,,f,c,,,p,p
,5.46,14.2,,w,d,,f,s,,x,x,e
7.54,7.69,21.38,,w,d,,f,x,s,,o,e
9.34,9.89,,,,d,a,f,x,,x,x,p
,,14.66,,w,d,a,f,x,,x,f,e
,5.51,5.61,,,d,,r,x,y,,b,e
,5.53,3.08,,n,g,s,f,b,,x,f,e
,7.82,13.63,,w,,a,l,x,,x,o,p
0.64,4.64,1.07,,,g,u,f,x,,x,,p
,,12.16,,,g,u,f,x,s,x,x,e
2.62,,2.34,,,g,u,f,s,h,x,f,p
,5.88,35.45,,y,d,a,f,s,k,o,s,p
,4.45,11.95,,o,d,a,f,,,b,f,p
,9.43,5.63,,n,,w,,b,,x,x,p
7.31,7.49,15.81,,p,d,u,f,s,,o,x,p
,7.33,7.17,k,n,d,,f,f,s,x,s,e
0.97,2.82,1.34,,w,,,f,x,,,f,p
,6.81,21.28,,,d,s,f,p,,c,s,e
9.89,9.01,17.81,,,d,a,p,x,y,f,b,e
6.32,,11.17,,w,u,,e,f,s,x,x,p
8.85,8.78,12.97,w,,d,a,,x,,o,s,e
10.29,9.48,16.82,,,d,,f,s,,x,x,p
,,8.99,,,l,w,f,f,s,x,,e
11.21,,25.3,,n,d,u,f,f,,s,x,e
7.86,6.56,17.68,,w,d,a,f,x,,s,s,p
,4.83,23.5,,w,d,a,f,s,,f,,e
8.38,,20.05,,b,d,a,f,f,,f,,e
,13.78,13.34,,w,d,a,l,,,o,p,p
7.55,6.97,18.32,,,d,a,f,f,s,b,x,e
3.61,4.21,10.0,,,,a,f,,,x,f,e
3.51,,6.13,,e,,a,,x,,,f,p
9.94,11.46,17.26,,w,d,u,g,x,,x,f,p
3.03,4.39,9.74,,e,d,a,f,x,,b,f,e
,8.58,,,n,d,a,f,f,t,p,f,e
,5.62,23.34,,f,d,,,p,,f,s,e
,,3.6,,n,d,u,f,b,,o,f,p
0.82,3.32,0.78,,,d,u,,x,,o,,p
7.69,7.48,8.17,,n,d,u,z,x,i,p,x,p
7.08,,14.81,,w,d,u,f,,,x,x,e
,3.51,12.0,,,d,a,f,x,,,s,p
6.68,7.6,17.71,,w,d,,f,x,s,f,b,e
9.56,,,,w,d,u,g,x,,f,x,p
,4.27,13.04,,w,d,,f,x,,x,f,e
,6.3,10.74,,w,l,,f,f,i,x,f,e
1.36,,1.45,,n,d,u,f,o,,x,f,p
,8.07,16.88,,y,d,u,f,x,,f,f,e
,10.24,18.9,,g,m,u,l,x,,x,b,e
2.58,,5.11,,w,d,w,f,x,,x,c,e
,,17.68,,p,d,a,l,p,y,f,f,e
,3.84,9.22,,w,d,u,f,b,s,,x,e
1.4,,2.25,,w,,u,f,x,t,x,b,e
7.54,5.53,12.03,,,d,,,x,,o,s,e
,0.0,0.0,,f,d,w,f,o,f,s,b,p
10.01,5.41,21.51,,b,d,,f,f,,x,x,p
,4.03,13.63,,,d,,f,x,,p,x,e
7.21,,10.32,,w,d,u,f,x,y,x,x,e
,,37.26,,y,d,a,f,f,,x,,p
9.2,6.19,20.15,,,d,u,f,x,,f,f,e
7.15,4.44,,,o,d,u,f,s,,x,x,p
,,25.22,,,d,a,f,,,,x,e
3.65,3.96,7.09,,e,g,w,,x,,x,f,e
5.96,5.19,12.73,,n,,a,e,f,,f,f,e
7.35,3.38,7.79,,w,g,,f,x,,f,b,e
,25.38,13.64,,w,d,u,e,f,s,f,f,p
4.33,4.96,3.49,,,d,s,f,b,s,f,x,e
2.94,6.08,,,g,d,a,f,b,s,x,x,p
,3.73,6.83,,o,,a,f,s,,c,p,p
7.1,7.77,14.89,,y,d,u,,x,,x,b,e
,11.26,19.57,,,d,u,g,f,,x,f,e
,7.23,11.28,,w,l,,f,f,s,x,x,e
3.65,5.31,,,u,d,u,,b,s,,x,p
5.17,6.54,5.1,,n,l,u,f,f,,x,o,p
9.78,,22.52,,b,g,u,f,s,,x,x,p
,5.27,5.3,,n,d,,r,x,s,x,o,p
,,8.58,,y,g,,f,x,g,,b,p
,6.05,6.92,k,n,d,a,f,x,s,,x,e
,4.01,6.25,,e,,u,f,x,,s,x,e
3.26,,6.55,k,,,a,f,x,s,x,f,e
,10.69,14.43,,w,d,,g,f,,x,p,p
,4.45,11.72,,g,d,u,,s,t,x,x,p
8.29,10.11,17.04,,w,d,u,,f,i,s,x,e
2.63,0.0,0.0,,f,d,a,,o,f,,x,p
,5.24,12.18,,o,d,u,,s,,x,x,e
4.48,6.78,5.29,,p,,a,f,b,i,f,f,p
9.48,,13.55,,o,m,a,f,x,,x,f,e
,13.12,28.68,,g,d,u,f,x,y,x,f,e
19.68,7.86,39.11,,,d,a,f,s,k,x,s,p
3.37,3.98,6.12,,w,,a,f,x,,x,x,e
10.22,6.01,20.13,,n,d,a,f,s,,f,s,e
1.63,5.52,1.54,,w,,a,f,c,,b,f,e
,,20.12,,b,,,f,f,,f,f,p
15.59,,18.12,,w,,a,,x,,f,x,e
5.96,8.41,17.5,,n,d,a,,x,,x,x,p
,7.7,9.59,,,d,a,,,i,x,o,e
,6.38,11.82,,y,h,u,f,x,s,x,s,e
1.35,4.47,2.28,,g,d,u,f,f,,x,x,e
5.08,4.01,11.58,,n,,a,r,f,,x,s,e
8.93,6.29,29.82,,w,,s,f,f,,x,,e
3.27,,6.58,k,n,d,u,f,,s,f,f,e
8.47,6.68,10.98,,w,,u,,f,i,x,f,e
1.86,7.68,2.65,,w,h,u,f,x,t,f,x,e
5.7,6.33,9.33,,,l,a,f,,s,o,p,e
,4.94,2.64,,,g,s,f,x,,s,x,e
4.11,5.17,29.65,,f,p,,f,,g,x,f,p
2.92,7.02,5.38,,,d,w,f,x,,f,f,e
,6.12,7.11,,f,d,a,f,s,,,x,e
,6.85,19.7,,,,a,f,f,,f,f,e
,6.96,10.5,,w,d,,f,x,i,,x,e
7.38,3.25,6.79,,o,h,u,f,s,,o,b,p
,3.78,,,f,d,u,f,o,g,s,x,p
9.53,,18.59,,,d,w,f,x,,x,f,e
11.89,7.1,16.58,,,d,u,f,x,i,x,x,p
,,9.1,,y,d,,f,f,,x,f,p
16.37,18.21,18.8,,,d,w,g,f,y,x,x,p
,,22.17,,n,d,u,f,x,,x,b,e
,8.43,14.72,,w,d,,f,p,,f,x,e
1.44,4.8,2.6,,g,g,a,f,x,,s,b,e
,,13.26,,w,d,u,g,x,,c,,e
6.78,5.1,10.9,,,d,a,f,,,x,b,e
4.83,11.89,11.44,,,d,u,,c,,x,b,e
,4.09,12.94,,w,,a,f,x,,f,f,e
3.89,,7.9,,,,s,,x,,x,f,e
6.51,,16.63,,y,d,,f,x,i,s,x,p
,2.87,2.92,,,h,,f,,s,b,o,p
5.29,0.97,10.26,,y,d,w,f,o,,,f,p
,,10.05,,n,d,,,x,,x,x,e
8.89,5.9,17.42,,o,d,a,f,s,,f,x,e
5.11,12.3,10.39,,w,,u,f,x,s,x,,p
6.72,,14.42,,,g,a,z,p,s,x,x,p
,3.72,19.81,,,d,u,f,s,,f,x,e
0.83,2.55,1.51,,g,d,u,f,p,,p,b,e
,5.78,6.77,,g,,u,f,b,s,x,b,p
9.23,6.68,17.44,,w,,,f,s,,,b,e
1.19,3.25,5.46,,f,d,a,f,x,,f,f,p
3.79,4.98,6.36,,,,a,f,f,s,s,x,p
12.85,10.22,17.52,w,w,d,w,,f,i,x,f,e
0.61,4.96,0.93,,,d,,f,c,,x,x,e
,3.55,2.63,,w,g,a,f,b,,f,f,e
3.71,3.64,8.47,,o,d,a,f,x,,x,x,e
10.61,10.78,18.21,,,d,a,g,x,,,c,e
,9.8,17.68,,,d,,g,f,,f,x,e
,4.01,8.42,,o,d,a,f,x,,x,o,e
,4.42,,,p,g,a,e,x,,o,f,e
,3.3,1.69,,,d,w,f,p,,x,f,e
2.42,6.47,3.08,,,g,s,f,b,,,f,p
,,13.62,,,d,a,f,x,,s,p,e
2.12,,,p,,g,u,f,x,,,f,p
6.36,,12.95,,y,d,u,,x,,x,f,e
5.37,,,k,n,g,u,z,x,i,x,p,p
,,2.85,,k,d,u,f,b,,x,f,e
5.97,4.98,8.34,,,d,u,f,f,,f,x,e
,4.6,2.31,,g,g,w,f,x,,p,f,e
,6.77,8.58,,,,a,f,,,,x,e
4.2,5.47,6.79,,,d,u,r,x,y,s,x,e
1.44,5.24,1.86,,w,h,u,f,x,t,x,b,e
4.51,6.21,5.53,,u,d,a,f,,s,f,p,p
1.14,5.65,1.07,,p,h,a,f,c,,x,x,e
8.59,,21.39,,,d,,,o,,f,,e
,4.61,9.27,,,d,a,f,x,,,x,p
,10.49,16.84,,w,d,a,g,x,,x,x,e
,5.56,21.31,,k,d,,f,f,,s,x,p
,7.66,,,w,d,,f,s,,f,x,e
,8.12,4.03,,p,,a,f,f,i,x,x,e
,11.96,24.83,,g,d,u,f,x,y,x,x,e
,4.84,,,f,l,s,f,p,,f,x,e
4.12,4.37,9.71,,o,,a,f,x,,p,x,p
,2.11,10.76,,y,d,a,f,f,,x,x,e
1.75,3.94,2.49,p,w,g,u,f,f,,,f,e
,6.66,4.86,,n,d,u,,x,t,f,x,e
,,12.62,,k,u,u,,p,s,f,,e
,3.44,19.41,,w,d,u,f,s,,x,x,e
4.7,8.21,8.6,,n,g,s,,x,,x,,e
,5.07,1.42,,w,d,a,f,c,,x,o,e
7.92,9.62,33.7,,w,d,a,f,x,,x,b,p
2.23,5.98,2.86,,n,g,,,b,,o,f,e
6.87,5.79,13.25,,w,d,,,x,,p,o,e
2.25,4.13,2.61,,w,g,a,f,,,s,o,p
,,3.28,,w,g,a,f,b,,x,x,e
7.05,8.39,16.26,,y,d,a,f,x,,x,s,e
,4.72,18.09,,f,d,s,f,p,,x,x,e
,7.74,15.64,,p,d,a,f,,,x,o,p
4.42,5.09,10.34,,,d,u,f,x,,x,x,p
4.14,7.25,,,y,d,w,f,x,k,x,s,e
1.54,5.58,1.61,,n,,u,f,b,t,x,x,p
,9.52,28.74,,p,d,,f,x,,o,x,p
,6.16,5.65,,w,d,w,f,x,s,f,,e
9.34,,11.71,,w,d,a,f,x,i,x,,p
2.72,4.46,6.13,,o,g,w,f,x,,x,x,e
3.69,4.52,10.17,,y,d,a,f,x,,s,f,e
8.17,,8.0,,w,d,a,f,f,g,p,x,p
,7.02,2.16,,n,,,f,f,,b,x,p
8.61,1.55,14.62,,y,,,f,o,,f,f,p
,,10.78,,y,d,a,f,f,t,f,s,e
,6.45,21.04,,,d,,f,o,k,s,,e
,6.78,22.12,w,,,u,f,,,x,f,e
4.28,6.94,5.03,,y,d,,f,x,k,x,b,e
,4.57,25.03,,w,d,w,e,f,,s,x,e
9.65,5.95,23.22,,p,d,,f,s,,x,x,e
3.94,3.98,2.67,,g,d,s,f,f,s,f,x,e
,11.24,14.16,,w,d,a,e,f,,f,f,p
,5.3,8.37,,,,a,,s,,s,x,p
,4.23,4.48,,w,d,,f,x,s,f,f,e
3.33,4.41,2.45,,p,g,u,f,x,h,c,o,p
6.48,6.07,19.82,,g,g,a,f,x,,x,s,e
,4.53,10.24,,e,d,,f,x,,b,x,e
,,3.62,,g,d,a,f,b,s,s,x,e
,5.02,16.98,,w,d,u,f,,,f,b,e
,,10.96,,p,d,,f,x,y,,f,e
,6.68,16.0,,n,,,f,x,,x,x,p
4.65,6.42,6.83,,,d,s,r,x,s,,f,e
7.52,8.08,8.58,k,n,g,,z,x,i,s,x,p
,9.22,18.53,,p,l,a,p,p,y,o,s,e
5.82,4.75,9.41,,y,,,f,x,,x,x,e
8.12,7.97,15.43,,w,d,a,f,f,s,f,,e
49.55,,35.62,,,d,u,,o,k,,x,e
,3.48,6.14,,,,a,f,x,,x,f,p
6.29,,10.64,,w,l,,f,f,s,x,s,e
1.43,,2.13,,g,,w,f,x,,x,x,e
9.82,8.21,16.58,w,w,d,w,,f,i,p,f,e
6.4,5.67,,,,d,,g,x,,x,s,e
7.98,3.53,9.17,,p,g,,,,,o,x,e
,7.16,44.9,g,f,l,u,f,s,,b,,e
,,,,w,l,w,f,,s,f,,e
4.07,,3.24,,w,,u,f,f,i,c,x,p
,3.98,3.13,p,p,g,a,,x,,x,x,p
,,10.8,,e,d,a,f,x,,c,s,e
,4.24,,,w,h,,f,,s,f,f,e
2.9,6.32,4.58,,u,,u,,b,s,x,x,p
6.52,6.28,13.66,,w,,a,g,x,,f,f,e
8.73,6.28,22.47,,y,,u,f,x,,f,f,e
7.84,,11.94,,n,w,,l,f,,x,f,e
9.65,7.79,25.35,,w,,,e,f,,x,f,e
10.46,8.76,,,g,m,u,r,,,b,f,e
4.44,5.21,7.65,,,,a,f,s,,o,x,e
,3.35,11.44,,w,,a,f,x,,f,x,p
,9.26,12.21,,n,d,a,f,f,i,x,,e
,8.81,26.88,,w,d,w,e,x,,f,x,e
7.79,6.31,16.52,,w,d,u,f,s,,f,,e
7.87,6.87,13.1,,y,d,u,f,f,,b,x,p
12.52,2.61,16.92,,w,d,w,f,f,,s,s,e
1.45,,1.55,,w,,u,f,,,,x,e
,3.48,7.0,,y,d,a,,f,,f,x,e
6.71,7.42,8.98,,r,d,,f,c,,x,f,p
3.56,4.7,11.16,,n,d,,f,x,,f,x,e
13.67,,19.21,,,,a,r,p,,p,f,e
4.64,4.95,6.1,,,d,,,f,i,f,x,p
,4.43,2.73,p,w,g,a,f,x,,x,,p
5.72,5.07,9.95,,g,d,a,f,f,s,x,x,e
4.03,6.13,3.82,,u,d,a,f,,,,b,e
,8.53,22.79,,n,d,,f,,,f,x,e
4.58,7.75,59.97,g,f,l,u,f,s,,f,x,e
5.67,,13.23,,y,d,a,f,x,,,f,e
8.43,10.05,12.93,,n,d,a,f,x,,f,x,p
52.59,5.6,38.84,,,d,s,f,o,k,x,x,e
5.8,6.75,4.8,,n,d,a,l,x,t,,x,e
,3.58,0.91,,p,d,a,f,x,s,s,,p
4.33,2.8,4.02,,,d,u,f,s,k,,b,p
5.78,5.53,9.57,,w,l,a,f,f,,x,c,p
,9.86,17.75,,n,m,u,l,,,,f,e
,8.95,13.08,,,d,a,f,f,i,f,x,e
7.02,5.94,13.32,,p,,,e,f,,b,x,e
18.2,31.8,22.39,,w,d,a,m,f,,f,f,e
4.11,4.56,10.75,,n,d,a,f,x,,x,x,e
3.24,5.07,9.54,,,d,,f,x,,,b,e
,9.38,22.75,,y,d,u,f,x,,f,f,e
2.13,3.92,2.63,p,,g,a,,x,,f,o,p
,5.39,13.71,,w,d,a,f,f,s,x,s,e
1.02,3.13,1.52,,g,d,a,f,b,,o,x,e
,6.49,8.37,,g,d,a,e,x,y,x,x,p
,4.12,6.4,,w,m,w,f,f,,p,f,e
,11.47,17.54,,,d,a,e,x,,f,o,p
,,4.52,,u,d,,f,x,,p,f,e
,9.16,14.29,,w,d,w,,x,i,x,x,e
2.58,2.91,6.97,,w,,a,f,s,,f,s,p
4.65,2.78,,,,d,u,,f,k,b,s,p
7.05,10.76,13.95,,,,a,p,x,,x,x,p
7.38,6.18,18.23,,b,l,w,f,f,,x,x,e
8.4,9.74,9.69,,w,h,u,f,f,i,x,x,e
3.91,6.35,5.09,,e,,u,f,,,x,x,p
,6.65,16.99,,p,d,a,f,x,i,b,b,e
1.25,4.58,1.23,,g,,a,,,,x,o,e
10.35,8.72,15.62,w,,d,w,,f,i,x,x,e
27.6,26.0,102.48,,w,d,,f,p,,f,x,e
,7.88,24.16,,e,,,f,x,,x,f,p
,5.3,2.68,,g,d,,f,f,,,s,e
6.31,13.28,13.6,,w,d,a,f,x,s,s,x,e
,7.51,13.15,,y,d,,f,x,,o,b,e
11.18,6.43,13.86,,,,u,f,s,,s,o,p
4.54,5.63,6.94,,y,g,u,f,x,g,x,,p
4.51,5.12,3.09,,g,d,s,f,f,s,s,x,e
17.24,,64.39,,y,d,a,f,x,,f,x,e
,5.19,9.93,,g,,,f,f,s,x,x,e
5.72,5.29,10.51,,p,d,,f,x,y,b,,e
,8.45,4.48,,p,,a,,f,i,x,x,e
,,15.02,,n,,,f,x,,x,x,p
7.7,17.66,12.12,,p,g,w,e,p,s,x,s,e
5.28,,4.98,,n,d,w,l,x,t,x,x,e
2.86,3.48,5.96,,,d,a,f,s,,x,x,p
,4.23,7.67,,y,d,a,f,x,,s,x,e
,5.21,1.91,,g,d,,f,b,,x,s,p
,7.03,38.82,,y,d,,f,o,k,x,p,e
,14.7,16.88,,,d,a,f,b,,s,x,p
3.62,10.19,,k,k,g,a,,b,,x,f,p
6.74,6.72,12.52,,p,g,s,f,c,,f,b,p
6.33,5.24,9.32,,w,d,u,f,x,y,f,,p
,5.68,,,n,d,a,f,f,s,o,f,e
,5.9,3.62,,w,d,a,r,x,,f,x,p
4.78,5.75,33.4,,f,d,u,f,o,g,,s,p
,5.12,6.46,,y,d,,,x,i,x,s,e
,6.69,6.56,,w,d,u,r,x,s,f,f,e
,4.18,3.23,,,g,u,f,f,,s,x,p
10.62,8.21,20.56,,e,d,u,f,x,,,f,p
,10.41,,,,,a,f,f,i,x,b,p
9.75,22.18,12.62,,w,u,u,e,f,s,f,f,e
5.55,11.18,11.66,,w,d,a,f,x,s,x,x,e
,8.36,21.95,,b,,a,f,,,x,b,e
,4.65,8.02,,g,d,u,f,f,,x,b,e
,4.06,3.14,,p,g,u,,x,,f,x,p
11.56,5.21,25.68,,w,d,,f,x,,x,x,p
15.01,10.46,17.88,,w,d,a,,x,,,b,e
5.97,,10.21,,w,d,u,f,f,s,,x,e
4.4,5.63,4.14,,g,d,u,,f,s,x,c,p
4.6,0.0,0.0,n,w,d,a,f,o,f,f,f,p
,9.48,16.91,,,g,,,x,,,f,e
3.12,,6.31,,w,g,,f,x,,x,s,p
8.28,,14.94,,w,g,u,f,p,,x,b,e
8.56,4.55,15.2,,w,,a,f,f,,x,f,e
,7.46,8.18,,,d,,f,x,,o,f,p
21.33,15.49,69.72,,,d,a,f,x,,f,x,e
,,12.16,,k,m,u,e,f,,f,x,e
3.9,5.51,4.65,,n,,,f,f,,f,s,p
9.06,7.33,16.54,,y,d,a,p,,,c,s,e
3.71,4.45,5.36,,p,,a,f,s,,f,f,p
10.31,4.95,19.94,,b,d,a,f,f,,x,,e
,,24.93,,y,d,a,f,x,,b,s,e
2.88,7.22,3.35,,n,,s,f,,,b,s,p
,3.72,7.53,,w,g,w,f,f,,b,s,e
7.05,6.27,18.36,,w,,a,f,x,,x,x,e
9.45,9.71,,,,d,a,f,p,,f,x,p
,,6.42,,o,,u,f,x,,x,x,e
11.74,5.3,16.94,,o,d,u,f,s,,x,f,e
4.26,5.0,2.98,,w,g,a,f,b,,f,x,e
,4.34,2.3,,,d,w,f,,,x,x,e
,3.38,5.51,,,d,u,f,s,k,x,f,p
14.17,9.63,18.51,,,,a,l,x,,b,x,e
,7.94,7.57,r,,d,a,z,x,,x,x,p
4.61,0.0,0.0,,w,d,u,f,o,f,,x,e
6.06,3.94,6.58,,y,d,,f,x,,x,x,e
11.77,6.65,23.5,,w,d,a,,s,,x,f,e
6.64,6.57,50.68,g,f,d,w,f,,,x,f,e
4.23,6.23,7.25,,,d,,f,x,t,x,f,e
,5.46,7.51,,r,l,u,f,x,,o,x,p
8.72,,14.11,,o,d,a,f,,,,b,p
7.3,11.5,24.39,,g,d,u,,x,y,f,x,e
,8.3,25.02,,w,l,w,f,f,,o,f,e
8.84,5.49,13.2,,o,d,,f,s,,o,p,p
,6.53,,,y,d,s,f,o,k,x,x,e
,7.82,50.0,,f,,u,f,o,,f,x,e
,7.3,20.42,,u,l,a,f,s,,x,x,e
10.66,6.27,24.79,,w,,,f,o,,f,x,e
,5.54,12.02,,o,d,w,f,f,,x,s,e
,5.52,8.14,,p,d,a,z,x,,x,s,p
,10.9,17.6,,w,d,,g,f,,s,x,e
,2.43,5.64,,o,d,u,f,s,,p,x,p
3.11,,,,,d,u,f,o,g,f,p,e
,6.72,,,r,d,a,f,x,,f,b,e
,,3.09,,p,,,f,s,i,p,c,e
,5.52,11.68,,r,d,u,f,x,,s,b,e
10.28,,12.79,,,d,a,f,f,,s,x,e
7.89,5.81,15.88,,y,,a,f,f,y,o,x,p
,2.52,16.76,,,d,w,f,f,,p,b,e
,,17.2,,n,d,a,p,x,,x,f,e
11.15,5.33,19.45,,b,d,a,f,f,,x,f,e
,,52.55,,f,l,a,f,o,,f,x,e
2.9,5.47,11.84,,,d,,,x,,x,f,e
6.29,4.58,19.09,,f,l,s,f,o,,f,f,e
,4.72,13.82,,p,,a,r,x,,x,x,e
4.69,6.49,3.78,,g,d,,f,f,,x,p,e
3.82,,8.2,,r,l,u,f,,,f,x,e
9.88,7.91,,,p,d,u,f,s,,,x,p
2.44,7.98,2.6,,,m,s,e,,t,x,s,e
6.73,5.1,13.01,,n,m,a,e,f,,,s,e
,,6.22,,w,d,a,f,s,,x,x,p
4.81,6.41,,,,,u,f,x,,f,f,e
7.19,7.24,17.2,,w,d,,p,x,y,x,b,e
5.3,4.13,,,w,d,a,f,f,,f,x,e
4.28,5.71,4.49,,p,g,,f,f,i,x,f,p
,,14.49,,,g,,e,p,,s,f,e
6.63,11.09,22.92,,g,d,u,f,x,y,f,x,p
4.72,4.24,11.99,,,,a,r,x,,s,f,e
,6.52,16.75,,,d,a,f,f,,x,,e
,4.12,2.99,,w,g,a,,,,f,f,e
7.31,13.05,12.65,,w,d,u,f,c,s,f,x,e
,5.32,3.46,,w,g,u,f,b,,x,b,p
6.09,6.43,14.2,,,d,a,f,x,,b,,e
6.88,,15.96,,k,d,a,f,p,,,x,e
3.32,5.09,2.85,,,g,u,f,b,,o,x,e
45.64,2.18,16.58,,y,d,u,f,o,k,s,f,e
,5.1,,,n,d,,f,b,,x,x,p
3.42,5.69,6.08,,o,,w,f,f,t,f,o,e
7.69,3.34,8.4,,p,d,w,f,x,,,x,e
4.64,6.04,7.12,,o,d,,f,x,t,f,x,p
1.71,4.84,2.43,,k,,s,f,x,,,f,e
,6.95,23.57,,f,d,,f,c,,x,s,e
6.83,4.87,,,r,d,a,f,x,,x,x,e
3.18,3.12,6.84,,w,g,a,f,s,,f,x,p
,10.81,23.51,,n,d,,f,x,,x,f,p
10.42,5.94,21.81,,n,,u,f,s,,f,p,p
14.61,9.21,17.06,,w,d,u,,x,,o,x,e
12.17,6.19,24.31,,y,d,a,f,s,,s,x,e
2.41,4.98,2.19,,,d,u,,b,s,c,x,p
2.9,5.29,7.08,,e,m,u,f,x,,x,,p
,5.77,7.1,,n,d,a,,f,i,x,x,p
12.59,5.06,17.69,,o,,a,f,s,,f,f,e
,6.68,7.45,,,d,a,,s,,x,x,p
,5.75,2.86,,g,,a,f,b,s,b,x,e
12.38,8.07,15.3,,w,,w,,f,i,s,s,e
,4.43,18.45,,f,,s,f,c,,x,x,e
,7.83,16.69,,w,d,u,f,x,,p,o,p
,,18.57,,p,d,a,l,x,y,f,s,e
,,12.38,,p,,u,e,p,,b,f,e
,4.19,9.36,,p,d,u,f,x,y,x,c,e
,4.96,6.85,k,,,,e,x,,x,b,p
,5.74,6.59,,o,d,w,f,,t,x,c,p
,,23.21,,w,l,w,f,f,,b,x,e
,5.32,12.0,,b,g,,f,f,,f,x,e
8.72,3.72,10.04,,p,g,a,f,x,,f,f,e
,7.84,9.37,,f,d,,f,s,,x,f,p
,4.08,6.9,,y,,u,f,s,,x,o,p
,4.61,6.94,,w,d,u,f,f,,f,x,e
,5.88,17.74,,o,d,u,f,,,f,b,e
4.7,7.55,6.12,,w,,a,f,x,k,f,x,e
2.85,5.12,4.39,,u,d,a,f,b,s,s,p,e
,,3.56,,p,h,u,f,f,i,p,s,e
,4.43,5.41,,n,d,w,,,y,x,f,p
3.61,,4.31,,,l,u,f,,,x,,p
3.98,5.36,6.85,,p,d,,,f,,f,x,e
10.36,2.37,14.64,,w,d,a,f,f,,x,x,e
8.74,7.81,18.36,,,d,u,p,x,,f,f,p
,8.97,13.39,,r,d,a,f,c,,x,f,p
2.19,5.07,4.14,,u,d,,f,x,,x,s,e
4.16,,11.67,,,,a,r,x,,o,x,e
,6.12,7.69,,,d,,f,f,t,b,x,e
,6.89,12.98,,n,d,,f,x,,s,s,e
,6.86,3.21,,k,d,s,f,b,,x,s,e
1.7,,2.57,,p,l,u,f,f,i,f,x,e
,8.64,9.01,,,g,,f,x,,p,s,p
3.92,4.59,10.83,,o,d,a,f,x,,s,,e
7.13,,15.31,,y,d,w,f,o,,s,f,p
,,2.48,,w,,a,f,,h,,s,p
1.42,3.84,1.12,,n,g,s,f,b,t,f,s,p
3.49,4.1,6.39,,,,u,f,,,s,x,e
11.46,7.93,18.42,,,d,u,r,x,,x,s,p
,9.54,12.35,,,g,a,z,b,s,f,x,p
6.96,7.0,15.15,,,d,u,f,x,,x,x,e
,,15.43,,,d,a,f,x,,x,b,e
,5.76,16.51,,,,a,f,,,f,f,p
,,27.51,,y,d,u,f,x,,x,s,p
,4.93,5.92,,y,m,a,f,b,t,b,x,p
,13.41,13.72,,w,d,u,e,b,y,x,o,p
3.34,2.97,13.53,,,d,,f,o,,,f,p
7.44,,12.13,,w,d,a,,x,i,,x,e
,6.85,4.06,,n,d,a,f,x,,x,x,e
1.75,5.39,,k,n,g,,f,x,s,x,,p
8.89,8.14,21.06,,p,g,a,f,x,,x,b,e
11.71,16.47,16.1,,w,d,,g,f,,x,f,p
3.31,3.38,8.39,,w,g,u,f,f,,p,b,p
,8.83,14.57,,w,d,a,f,x,,x,o,p
,9.3,21.96,,,,u,,,,f,,e
2.31,3.58,5.75,,n,d,u,f,f,,f,x,p
3.52,5.76,,,y,,a,f,x,,s,x,p
,6.45,2.63,,k,d,s,f,b,,f,x,e
3.63,6.29,6.98,k,k,d,u,f,f,s,x,x,e
,,6.86,,w,d,u,f,f,,x,x,p
8.5,,23.55,,f,d,,f,o,g,c,p,p
1.59,5.27,1.93,,g,d,a,f,b,s,,f,p
5.5,4.26,5.05,,n,d,s,r,x,y,x,f,e
,0.0,0.0,,w,d,a,f,,f,x,x,p
,8.96,16.87,,g,m,u,r,f,,b,s,e
,,9.39,,y,,,f,x,,s,,e
8.36,,15.28,w,w,d,w,,f,i,s,,e
4.76,6.12,7.92,,y,,u,f,x,,x,x,p
,7.8,18.83,,y,d,a,f,f,y,x,x,p
17.99,10.04,26.2,,w,l,w,,x,,x,p,e
,8.22,7.47,,n,d,u,z,x,i,x,x,p
,6.78,13.87,,,,u,f,x,,s,f,e
1.22,4.31,2.11,,k,g,a,f,f,,f,x,e
2.11,5.28,2.06,,g,d,a,f,b,s,x,x,e
8.24,4.31,21.51,,,d,a,f,o,,x,s,e
26.41,7.84,58.95,,y,,a,,x,,x,o,p
5.42,3.67,8.71,,w,d,u,f,x,y,f,x,e
4.99,7.62,48.61,g,,l,w,f,o,,p,x,e
,6.52,12.28,,b,m,,f,,,b,x,e
,8.68,2.42,k,k,g,a,f,b,,s,c,p
,,17.51,,p,d,a,p,x,y,f,x,e
,7.58,15.87,,w,d,,p,x,y,f,x,p
2.6,3.33,5.51,,o,h,a,f,f,,,p,p
,,,,n,w,a,r,f,,b,f,e
7.66,3.47,10.3,,w,g,u,f,s,,s,x,p
,6.58,5.33,,n,d,,l,x,,f,f,e
,,9.36,,w,d,a,f,f,,,f,e
3.77,7.05,7.52,,f,d,a,f,s,,,x,e
,11.87,25.68,n,o,d,a,r,x,,f,x,p
5.24,5.9,11.99,,w,d,,g,x,,x,f,e
,7.28,18.29,,b,d,w,f,s,,,o,e
14.03,7.05,26.39,,w,d,a,f,s,,p,o,p
,6.25,18.75,,,d,u,f,x,,x,x,e
,4.84,1.34,,w,,,f,c,,f,s,e
3.14,5.28,,,p,m,,f,f,i,f,x,p
3.45,3.56,6.07,,o,m,,f,x,,x,x,e
6.0,7.9,8.67,,w,d,a,f,x,,x,x,p
,6.3,23.93,,e,d,u,f,x,,,s,p
11.51,5.63,25.18,,,d,,f,s,,x,x,p
4.59,5.97,7.04,,r,d,a,f,,,x,f,p
3.0,,7.95,,w,g,,f,f,,c,s,e
5.23,4.86,8.82,,w,g,a,f,f,i,x,x,e
,,,,,d,a,f,f,y,x,s,p
,10.72,6.99,k,n,g,w,,b,,s,,p
5.49,8.37,10.26,,n,d,u,,x,,o,x,e
4.17,7.04,44.01,g,f,,u,f,s,,f,c,e
5.08,5.01,7.91,,w,d,a,f,f,,b,x,e
8.7,,17.23,,w,d,,,f,i,x,x,e
5.07,6.02,6.56,,y,g,,f,x,g,x,c,p
19.98,5.19,27.8,,y,d,,f,,,s,f,p
6.94,1.69,14.66,,o,d,w,f,o,,x,s,p
,5.29,2.83,,w,d,a,f,x,,s,f,e
,6.78,9.62,p,w,d,a,f,x,i,b,x,p
5.11,2.61,5.74,,y,d,a,,s,,f,,p
,8.25,15.9,,w,,a,f,x,,p,f,p
,8.81,11.4,,n,,a,f,f,i,f,,e
,6.3,8.17,,r,l,a,f,x,,x,s,e
12.24,,31.34,,o,d,u,f,x,,f,s,p
,6.51,7.66,,,d,a,f,x,t,f,o,e
5.07,5.22,7.08,,g,,u,f,b,,f,o,p
,4.34,12.45,,o,d,,f,s,,x,f,p
,7.67,25.43,,w,l,a,f,s,,x,,e
11.02,,16.02,,,d,u,g,f,y,f,f,p
,6.77,8.47,,n,d,a,f,c,,x,f,p
,1.91,2.31,,n,h,u,f,x,s,f,x,p
,11.66,29.13,,w,,u,f,x,,o,f,p
,,11.51,,n,d,,,x,y,x,x,p
,1.7,20.32,,y,,a,f,o,,c,x,p
8.12,7.19,13.22,,,,u,f,s,,b,f,p
4.51,10.61,5.72,,k,g,w,,b,,x,x,p
3.32,3.4,15.66,,f,d,a,f,o,g,o,,p
6.66,8.62,11.08,,,d,,z,x,,f,x,p
,4.41,14.28,,,,u,f,f,,x,x,e
13.76,10.81,24.64,,,d,u,f,x,,x,o,e
,5.94,13.31,,,m,u,e,f,,c,x,e
,8.21,7.25,k,k,d,s,z,b,,o,x,p
,3.03,1.59,,g,d,a,,b,,,x,e
7.81,11.83,11.37,,w,g,s,e,p,s,x,p,e
9.45,,16.34,,g,m,a,l,,,f,,e
,6.79,15.84,,y,d,a,,x,,f,o,e
,6.15,,,w,d,a,g,x,,x,o,e
7.17,9.04,17.24,,w,d,,,x,,x,x,e
,6.75,5.1,,u,d,u,f,x,,s,c,e
5.41,3.69,9.05,,p,,a,f,x,,f,x,p
9.4,6.89,17.07,,,d,u,p,x,,f,x,e
11.08,18.71,13.25,,,u,u,e,p,s,o,f,e
4.03,5.64,7.4,,n,d,a,e,x,y,x,x,p
,5.0,36.77,,y,d,a,f,f,,x,x,p
6.38,5.94,8.21,,g,d,w,f,x,y,b,,p
9.88,4.89,19.83,,b,,a,f,f,,x,f,e
12.61,7.4,16.97,,n,h,u,f,s,,o,x,e
9.93,6.89,22.54,,n,d,u,f,s,,,f,e
,9.68,12.74,,n,d,a,f,f,i,p,x,e
,3.22,5.08,,y,m,a,f,x,,c,b,p
8.08,9.4,12.86,,y,d,a,f,f,i,f,x,e
3.42,4.0,,,w,m,a,e,f,k,f,,p
,4.48,10.76,,y,d,a,f,x,,x,p,e
,,1.07,,o,g,a,f,x,,,f,p
1.84,6.88,2.41,,w,,a,f,x,t,x,x,e
,,5.23,,p,d,a,f,f,,x,x,e
6.65,7.5,18.6,,w,d,,f,x,s,x,f,e
0.93,5.29,0.95,,p,d,u,f,f,,s,f,e
9.15,4.77,17.03,,w,d,u,f,f,,x,x,e
4.52,6.65,11.62,,n,,a,f,x,,x,f,e
11.16,,19.03,,p,l,a,p,p,y,b,s,e
,,6.29,k,k,,a,,x,s,f,x,e
5.08,12.32,,,,d,u,f,x,,x,s,p
,4.48,12.34,,p,w,a,l,x,,x,s,p
,2.73,16.25,,w,d,w,f,f,,x,f,e
,,4.5,,,g,w,f,f,,x,f,e
53.41,7.87,36.62,,y,d,s,f,o,k,x,,e
2.67,4.33,9.82,,y,d,a,f,x,,x,x,p
1.56,5.03,1.6,,g,,u,f,c,,f,f,e
,7.83,12.93,,y,g,u,f,x,s,x,x,e
,5.36,14.94,,w,d,w,f,f,,b,f,e
8.1,,15.82,,y,d,a,p,x,,x,x,e
10.17,10.78,22.91,,,d,a,f,x,,b,x,p
5.74,3.23,12.84,,w,d,a,,f,,b,f,e
,3.1,6.43,,,d,a,f,s,,x,x,p
,8.52,14.71,,w,g,u,f,x,,x,x,e
5.24,8.8,11.04,,k,d,,,p,s,,s,p
,4.7,6.14,,,d,,f,s,,x,f,e
7.43,5.51,12.36,,r,d,u,f,x,,s,c,e
,5.54,,,,,a,f,f,,f,b,p
47.88,8.93,,,y,d,u,,o,k,x,x,e
10.66,5.74,25.03,,w,,a,f,,,p,b,p
11.13,10.16,29.44,,,,u,f,x,,x,,p
6.41,5.3,12.21,,n,m,u,e,p,,x,x,e
7.11,6.74,14.36,,,,a,f,f,s,f,s,e
,,12.0,,g,d,a,f,x,,,s,p
9.23,8.83,29.57,w,p,d,a,f,p,,x,f,p
4.1,5.0,24.16,,f,p,a,f,o,g,,s,p
7.88,,14.78,,w,g,a,f,x,,b,x,e
8.82,,16.19,,,,,,o,,c,f,p
8.08,10.45,12.44,,w,d,u,p,f,,,s,p
,,10.87,,y,d,a,f,x,,b,x,e
1.59,5.34,2.61,,g,d,a,f,f,,x,s,e
3.99,6.93,4.41,,n,d,a,f,x,,f,f,p
3.37,,6.2,,g,d,u,,b,s,s,x,e
16.11,21.6,18.93,,w,m,a,m,p,,s,x,e
8.11,9.04,16.68,,w,d,,f,x,,x,x,e
,6.65,12.85,,y,,,f,f,,x,b,p
1.27,3.56,5.52,,f,d,u,f,x,,s,s,p
,7.83,22.93,,w,d,u,f,x,,x,x,e
3.73,,9.65,,n,d,u,f,x,,x,b,e
9.17,7.57,13.16,,y,h,a,f,x,s,x,x,p
10.34,5.05,19.55,,b,d,a,f,,,x,o,p
,6.74,4.17,,u,d,a,f,f,,f,,e
,4.69,,,p,,u,f,f,,s,p,e
,6.63,17.71,,w,d,w,f,f,,f,f,e
7.68,6.45,10.72,,,l,a,f,f,i,f,x,p
,5.94,21.32,,w,d,w,e,x,,s,x,e
7.91,6.35,12.12,,y,,a,f,x,,c,x,e
,,17.41,,,,a,l,x,,x,s,e
7.5,3.53,9.62,,p,d,,f,s,,,b,e
3.18,,,,e,m,a,f,,,x,,e
2.95,6.53,2.79,,,,s,f,b,,b,x,e
14.66,16.73,15.27,,w,d,a,g,f,y,f,f,p
,,1.53,,n,h,s,f,b,t,f,b,p
6.78,5.72,8.56,,w,,a,f,s,s,,f,e
8.83,5.97,12.39,,n,d,a,f,s,,x,f,p
8.2,,17.27,,o,,,,s,,s,s,e
6.31,4.01,,,w,d,,f,f,,x,x,e
6.5,5.15,10.51,,w,d,a,f,b,s,s,p,e
9.77,8.6,16.91,,p,d,a,p,p,y,f,,e
5.93,7.01,5.8,,n,d,w,l,x,t,x,f,e
,7.35,24.67,w,,,u,f,s,,x,x,e
,18.83,73.44,,y,d,u,f,x,,x,f,e
8.26,,17.32,,w,,,f,f,,x,s,p
,,16.13,,,,,f,x,,f,f,p
4.64,4.79,12.45,,w,d,w,f,s,,s,x,p
13.26,9.78,17.63,,w,d,u,,x,,x,s,p
7.16,8.76,12.81,,n,d,a,f,f,t,b,x,e
5.59,5.47,11.27,,p,d,a,f,c,,f,f,p
,,12.9,,n,d,u,f,f,,,s,p
,,5.78,,o,m,,,f,,x,x,p
8.64,6.71,17.66,,w,,,f,f,s,x,p,e
5.68,,11.97,,k,g,u,e,p,,f,f,e
6.06,5.17,14.32,,w,,a,f,s,,x,,e
7.56,6.64,17.15,,w,d,u,f,x,y,s,c,p
8.45,7.84,14.45,,w,,a,p,x,y,f,f,p
8.41,6.24,13.21,,k,m,u,e,f,,,x,e
3.78,8.3,,,p,d,,f,x,,f,o,e
,11.23,14.74,,w,d,a,g,f,,s,b,p
6.74,6.67,18.43,,w,d,u,f,x,s,s,c,e
,2.35,14.33,,y,d,,f,f,,x,s,e
7.58,,13.69,,b,,w,f,x,,f,x,e
,22.89,18.51,,w,d,a,m,f,,x,b,e
,7.4,3.55,,p,,a,f,f,,f,x,e
,4.9,12.65,,n,w,,r,f,,x,x,p
6.37,,6.29,,y,d,a,,b,i,o,,p
,,2.77,,k,,a,,b,,x,f,p
,,14.29,,y,d,w,f,f,,x,f,e
,9.03,,,p,d,,p,p,,f,x,e
,13.73,66.32,,w,d,u,,p,,f,f,e
3.83,4.28,,,n,d,a,f,x,,x,x,e
6.03,5.14,8.58,,,,,f,s,s,c,c,e
,7.24,17.57,,y,d,u,p,x,,c,x,e
,1.28,13.38,,y,d,a,f,o,,x,x,p
,9.6,26.69,,w,d,a,f,x,,x,x,e
,,6.67,,,m,u,f,b,t,f,f,p
2.91,3.65,2.57,,w,g,,f,s,h,f,x,p
0.75,3.7,0.92,,,d,w,f,x,h,x,s,p
4.1,4.88,3.62,,n,d,a,e,b,k,c,b,p
,,24.24,,w,d,u,f,x,,x,p,e
,6.53,3.98,,n,d,u,f,,,x,o,e
3.17,5.09,,,,,u,f,f,s,o,o,e
8.05,8.33,11.9,,y,d,a,f,f,t,o,x,e
7.04,,12.33,,o,d,,f,f,,x,s,e
6.06,5.91,5.66,,w,d,u,,s,,c,f,p
,7.7,16.82,,n,,a,p,x,,f,b,e
19.08,15.9,34.83,,w,d,a,,p,y,x,f,e
2.79,4.26,3.48,,w,d,,e,f,k,s,s,p
5.8,7.08,4.28,,w,d,a,f,f,,x,x,e
3.67,5.44,3.35,,u,d,u,f,f,,p,x,e
1.55,5.13,2.43,,,d,s,f,f,,x,s,e
3.98,5.4,7.09,,o,m,w,f,x,,f,c,e
4.55,4.97,3.45,,g,,a,f,b,s,s,x,e
,3.33,,,n,,,f,f,k,x,b,p
5.77,5.33,15.62,,f,d,u,f,s,,x,,e
,4.12,1.52,,,h,s,,b,t,f,x,p
1.23,1.31,2.33,,,d,a,f,x,s,x,x,p
12.0,8.87,25.13,,e,d,a,f,x,,s,f,e
,5.58,7.39,,y,g,u,f,x,g,x,x,p
,,6.96,,o,d,,f,x,t,x,x,e
8.7,,17.25,,y,,a,f,f,y,,f,p
,5.96,7.31,,,g,u,e,b,,x,c,p
3.57,6.4,7.01,,,d,a,f,,,b,c,p
,11.35,16.52,,w,d,u,g,f,,s,x,e
,7.58,2.87,,,,a,f,f,,f,x,e
4.8,,4.13,,w,d,a,f,f,,x,f,p
4.1,6.78,5.31,,e,,u,f,f,,x,x,p
3.54,3.92,8.51,,y,,,f,x,,,c,e
,5.05,25.56,,w,d,u,f,o,,f,b,e
,12.42,11.68,,w,,u,f,c,s,x,f,e
,12.89,6.53,,n,g,u,,b,,f,f,p
,6.13,8.98,,w,g,,f,f,i,x,x,e
,7.28,30.67,,,d,,f,f,,x,x,e
5.94,7.04,,,w,l,w,f,f,s,,s,e
7.96,6.41,16.7,,w,d,u,f,f,,b,,e
15.85,11.1,18.51,,,d,a,,x,,x,,p
2.95,5.52,3.49,,w,,a,r,x,y,,x,p
2.76,3.07,2.52,,w,g,u,f,s,h,s,x,p
,5.44,6.95,,r,d,,f,,,x,s,e
,13.28,23.66,,y,d,u,r,x,,x,x,p
11.32,17.47,12.85,,k,,u,e,,s,x,b,e
,10.25,17.12,,n,h,,f,x,,x,x,p
9.01,,17.44,,p,l,a,l,,y,o,c,p
,4.7,15.87,,o,d,,f,s,,f,x,e
,6.61,3.92,,,l,,f,s,i,x,f,e
,7.92,17.55,,y,d,,f,f,y,x,x,e
4.47,7.7,12.7,,r,g,,,c,,s,x,p
3.18,2.85,10.92,,,d,a,f,,g,x,x,p
,,5.08,,u,d,u,f,x,,f,c,e
,6.81,4.52,,,d,w,f,x,,x,,e
,9.1,18.8,,u,d,a,f,x,,f,x,e
,3.09,5.86,,w,m,a,f,f,,p,x,e
3.87,6.64,8.27,,f,d,,f,s,,,x,e
2.69,5.9,3.7,,,l,a,f,f,i,b,f,e
7.62,5.69,8.11,,n,,a,f,x,y,x,x,p
23.28,,68.82,,,d,u,,p,,s,b,e
10.82,6.29,21.95,,n,d,,f,x,,x,f,e
9.81,9.17,17.71,,,d,a,p,p,y,x,s,e
4.69,7.62,,,n,d,u,,,,f,x,e
4.87,6.74,,,r,l,a,f,x,,x,f,e
9.09,9.87,,,,h,,f,x,i,c,s,p
7.45,5.94,9.56,p,w,d,,f,x,i,f,f,e
5.21,1.35,14.32,,y,d,w,f,o,,x,f,p
1.96,4.83,1.96,,g,d,a,f,b,s,x,x,p
4.89,,5.77,,n,d,a,,x,y,s,,e
,9.16,14.92,w,w,d,w,,x,i,x,x,e
4.04,4.54,6.22,,,d,a,z,x,y,,x,p
,,24.79,,y,d,a,f,s,,x,x,e
,6.97,10.3,,p,d,,f,x,y,x,x,e
9.2,7.79,22.31,,g,,,f,s,,x,c,e
,3.9,8.73,,w,d,u,f,b,s,x,b,e
8.51,4.6,21.95,,w,,,f,o,,p,x,e
5.8,5.32,19.34,,f,,s,f,c,,f,,e
5.68,5.24,6.46,,y,,u,,x,i,,f,p
7.94,7.55,18.37,,,d,a,f,,s,x,f,e
16.65,,27.68,,w,l,w,f,,,p,x,e
,7.88,3.29,,,,,f,c,,,f,p
,3.09,1.53,,w,d,,,,,,c,p
3.43,6.49,2.84,,k,d,a,f,b,,s,x,e
3.63,5.77,3.32,,g,d,a,f,b,s,x,s,e
,5.19,12.26,,,d,a,f,x,,p,,e
,7.7,3.6,,y,g,a,f,,,x,,p
1.32,4.71,1.43,,g,,a,,,,x,b,e
7.03,,6.65,,n,d,u,,x,i,x,,p
9.66,4.81,15.38,,p,d,u,f,x,i,f,f,p
,,,,p,d,u,f,c,,s,f,p
,5.12,,k,n,m,u,e,b,y,x,b,p
,14.07,,,w,g,s,e,p,s,f,f,e
10.93,8.68,23.56,,e,d,u,f,x,,x,o,p
3.05,4.3,9.55,,n,d,a,f,x,,x,x,e
1.52,4.87,1.66,,w,d,u,f,x,t,,x,e
6.69,8.07,9.61,,n,d,a,z,x,,x,f,e
,7.57,32.95,,,,s,f,o,k,b,f,e
8.24,11.85,24.44,,g,d,u,f,x,y,f,x,e
,7.02,13.5,,w,d,u,f,p,,,s,e
,,9.33,,n,,a,z,,,x,b,p
5.38,7.06,9.38,,w,l,,f,f,s,c,s,e
3.22,3.44,,,w,m,w,f,f,,b,x,p
5.56,5.81,6.64,,w,,a,r,x,s,x,f,e
7.37,4.74,16.97,,,d,a,f,,,s,f,e
,5.77,6.94,,f,,a,f,s,,x,p,e
,3.2,8.56,,w,g,,f,x,,x,f,p
2.87,,,,w,,,f,f,s,x,x,p
,7.28,19.28,,u,d,,f,f,,s,s,e
5.18,6.78,9.05,,,d,a,f,x,,o,,e
2.42,4.6,6.01,,,d,u,f,f,,b,c,e
1.51,4.7,1.46,,n,d,a,,b,t,x,f,p
14.04,7.6,16.98,,n,m,u,l,f,,x,x,e
8.15,18.8,12.13,,w,,s,e,f,s,x,o,e
9.7,3.69,25.14,,,d,s,f,o,g,x,p,p
1.75,2.17,6.4,,y,d,a,f,x,,f,x,e
,7.82,,,w,m,u,f,x,,c,p,e
1.18,4.86,,,g,d,,f,c,,x,x,e
13.45,5.03,26.19,,n,d,a,,x,,x,x,p
,,4.66,,n,d,u,l,x,t,f,p,p
,9.21,18.23,,,d,w,,x,i,s,x,e
1.5,4.8,1.51,,n,,s,f,b,t,f,f,p
,24.14,14.09,,k,g,u,e,f,s,b,f,e
4.38,,4.49,,p,d,a,f,b,i,x,b,p
9.51,6.26,20.32,,w,d,,,x,,x,x,p
,6.93,18.49,,n,d,,p,x,,f,s,e
3.79,,6.47,,w,d,u,f,,,x,x,p
,,13.26,,p,w,u,r,f,,x,b,e
,5.9,12.08,,r,d,u,f,x,,f,f,e
,3.31,12.22,,f,d,u,,,g,x,x,p
7.45,,13.87,,w,d,u,l,x,,x,,p
,,7.45,,y,d,a,,x,i,x,b,p
7.84,6.52,10.09,,w,d,a,f,x,y,x,x,p
7.6,,9.38,,w,,u,f,s,,x,o,e
